[{"Date": "20150521", "States": [{"Available": 0, "StationId": "1114", "Total": 40, "Datetime": "20150521235830"}], "StationId": "1114"}, {"Date": "20150522", "States": [{"Available": 0, "StationId": "1114", "Total": 40, "Datetime": "20150522000130"}, {"Available": 4, "StationId": "1114", "Total": 40, "Datetime": "20150522023216"}, {"Available": 25, "StationId": "1114", "Total": 40, "Datetime": "20150522023516"}, {"Available": 24, "StationId": "1114", "Total": 40, "Datetime": "20150522071123"}, {"Available": 23, "StationId": "1114", "Total": 40, "Datetime": "20150522072623"}, {"Available": 24, "StationId": "1114", "Total": 40, "Datetime": "20150522073523"}, {"Available": 23, "StationId": "1114", "Total": 40, "Datetime": "20150522084823"}, {"Available": 22, "StationId": "1114", "Total": 40, "Datetime": "20150522101922"}, {"Available": 20, "StationId": "1114", "Total": 40, "Datetime": "20150522105323"}, {"Available": 21, "StationId": "1114", "Total": 40, "Datetime": "20150522105923"}, {"Available": 22, "StationId": "1114", "Total": 40, "Datetime": "20150522110523"}, {"Available": 23, "StationId": "1114", "Total": 40, "Datetime": "20150522131022"}, {"Available": 22, "StationId": "1114", "Total": 40, "Datetime": "20150522161723"}, {"Available": 21, "StationId": "1114", "Total": 40, "Datetime": "20150522162322"}, {"Available": 20, "StationId": "1114", "Total": 40, "Datetime": "20150522162622"}, {"Available": 21, "StationId": "1114", "Total": 40, "Datetime": "20150522163022"}, {"Available": 22, "StationId": "1114", "Total": 40, "Datetime": "20150522164222"}, {"Available": 23, "StationId": "1114", "Total": 40, "Datetime": "20150522171222"}, {"Available": 22, "StationId": "1114", "Total": 40, "Datetime": "20150522171522"}, {"Available": 23, "StationId": "1114", "Total": 40, "Datetime": "20150522172222"}, {"Available": 22, "StationId": "1114", "Total": 40, "Datetime": "20150522172822"}, {"Available": 21, "StationId": "1114", "Total": 40, "Datetime": "20150522173422"}, {"Available": 20, "StationId": "1114", "Total": 40, "Datetime": "20150522174922"}, {"Available": 19, "StationId": "1114", "Total": 40, "Datetime": "20150522180422"}, {"Available": 18, "StationId": "1114", "Total": 40, "Datetime": "20150522180722"}, {"Available": 19, "StationId": "1114", "Total": 40, "Datetime": "20150522181922"}, {"Available": 21, "StationId": "1114", "Total": 40, "Datetime": "20150522183122"}, {"Available": 22, "StationId": "1114", "Total": 40, "Datetime": "20150522183522"}, {"Available": 21, "StationId": "1114", "Total": 40, "Datetime": "20150522192022"}, {"Available": 20, "StationId": "1114", "Total": 40, "Datetime": "20150522192922"}, {"Available": 18, "StationId": "1114", "Total": 40, "Datetime": "20150522193522"}, {"Available": 19, "StationId": "1114", "Total": 40, "Datetime": "20150522193822"}, {"Available": 21, "StationId": "1114", "Total": 40, "Datetime": "20150522195022"}, {"Available": 20, "StationId": "1114", "Total": 40, "Datetime": "20150522200622"}, {"Available": 21, "StationId": "1114", "Total": 40, "Datetime": "20150522200922"}, {"Available": 20, "StationId": "1114", "Total": 40, "Datetime": "20150522201222"}, {"Available": 19, "StationId": "1114", "Total": 40, "Datetime": "20150522201822"}, {"Available": 18, "StationId": "1114", "Total": 40, "Datetime": "20150522202422"}, {"Available": 19, "StationId": "1114", "Total": 40, "Datetime": "20150522203022"}, {"Available": 21, "StationId": "1114", "Total": 40, "Datetime": "20150522203322"}, {"Available": 20, "StationId": "1114", "Total": 40, "Datetime": "20150522204222"}, {"Available": 19, "StationId": "1114", "Total": 40, "Datetime": "20150522204522"}, {"Available": 20, "StationId": "1114", "Total": 40, "Datetime": "20150522205422"}, {"Available": 19, "StationId": "1114", "Total": 40, "Datetime": "20150522211022"}, {"Available": 21, "StationId": "1114", "Total": 40, "Datetime": "20150522212822"}, {"Available": 22, "StationId": "1114", "Total": 40, "Datetime": "20150522215222"}, {"Available": 23, "StationId": "1114", "Total": 40, "Datetime": "20150522223422"}, {"Available": 22, "StationId": "1114", "Total": 40, "Datetime": "20150522232021"}, {"Available": 23, "StationId": "1114", "Total": 40, "Datetime": "20150522232622"}], "StationId": "1114"}, {"Date": "20150523", "States": [{"Available": 23, "StationId": "1114", "Total": 40, "Datetime": "20150523000221"}, {"Available": 22, "StationId": "1114", "Total": 40, "Datetime": "20150523064738"}, {"Available": 21, "StationId": "1114", "Total": 40, "Datetime": "20150523081238"}, {"Available": 22, "StationId": "1114", "Total": 40, "Datetime": "20150523082738"}, {"Available": 21, "StationId": "1114", "Total": 40, "Datetime": "20150523083038"}, {"Available": 20, "StationId": "1114", "Total": 40, "Datetime": "20150523094638"}, {"Available": 21, "StationId": "1114", "Total": 40, "Datetime": "20150523101038"}, {"Available": 22, "StationId": "1114", "Total": 40, "Datetime": "20150523101939"}, {"Available": 21, "StationId": "1114", "Total": 40, "Datetime": "20150523102239"}, {"Available": 22, "StationId": "1114", "Total": 40, "Datetime": "20150523102838"}, {"Available": 21, "StationId": "1114", "Total": 40, "Datetime": "20150523103139"}, {"Available": 17, "StationId": "1114", "Total": 40, "Datetime": "20150523104639"}, {"Available": 16, "StationId": "1114", "Total": 40, "Datetime": "20150523111038"}, {"Available": 17, "StationId": "1114", "Total": 40, "Datetime": "20150523111638"}, {"Available": 16, "StationId": "1114", "Total": 40, "Datetime": "20150523120238"}, {"Available": 17, "StationId": "1114", "Total": 40, "Datetime": "20150523121138"}, {"Available": 15, "StationId": "1114", "Total": 40, "Datetime": "20150523121739"}, {"Available": 17, "StationId": "1114", "Total": 40, "Datetime": "20150523123238"}, {"Available": 16, "StationId": "1114", "Total": 40, "Datetime": "20150523123538"}, {"Available": 17, "StationId": "1114", "Total": 40, "Datetime": "20150523125938"}, {"Available": 19, "StationId": "1114", "Total": 40, "Datetime": "20150523131238"}, {"Available": 17, "StationId": "1114", "Total": 40, "Datetime": "20150523133038"}, {"Available": 18, "StationId": "1114", "Total": 40, "Datetime": "20150523133338"}, {"Available": 20, "StationId": "1114", "Total": 40, "Datetime": "20150523140047"}, {"Available": 19, "StationId": "1114", "Total": 40, "Datetime": "20150523145238"}, {"Available": 17, "StationId": "1114", "Total": 40, "Datetime": "20150523152539"}, {"Available": 18, "StationId": "1114", "Total": 40, "Datetime": "20150523154039"}, {"Available": 19, "StationId": "1114", "Total": 40, "Datetime": "20150523154339"}, {"Available": 20, "StationId": "1114", "Total": 40, "Datetime": "20150523161039"}, {"Available": 21, "StationId": "1114", "Total": 40, "Datetime": "20150523163238"}, {"Available": 22, "StationId": "1114", "Total": 40, "Datetime": "20150523163538"}, {"Available": 23, "StationId": "1114", "Total": 40, "Datetime": "20150523165938"}, {"Available": 22, "StationId": "1114", "Total": 40, "Datetime": "20150523172038"}, {"Available": 21, "StationId": "1114", "Total": 40, "Datetime": "20150523172338"}, {"Available": 20, "StationId": "1114", "Total": 40, "Datetime": "20150523181238"}, {"Available": 21, "StationId": "1114", "Total": 40, "Datetime": "20150523182138"}, {"Available": 20, "StationId": "1114", "Total": 40, "Datetime": "20150523192138"}, {"Available": 21, "StationId": "1114", "Total": 40, "Datetime": "20150523192438"}, {"Available": 22, "StationId": "1114", "Total": 40, "Datetime": "20150523193938"}, {"Available": 23, "StationId": "1114", "Total": 40, "Datetime": "20150523221438"}], "StationId": "1114"}, {"Date": "20150524", "States": [{"Available": 23, "StationId": "1114", "Total": 40, "Datetime": "20150524000238"}, {"Available": 21, "StationId": "1114", "Total": 40, "Datetime": "20150524001138"}, {"Available": 20, "StationId": "1114", "Total": 40, "Datetime": "20150524001438"}, {"Available": 19, "StationId": "1114", "Total": 40, "Datetime": "20150524001738"}, {"Available": 22, "StationId": "1114", "Total": 40, "Datetime": "20150524005438"}, {"Available": 23, "StationId": "1114", "Total": 40, "Datetime": "20150524005738"}, {"Available": 22, "StationId": "1114", "Total": 40, "Datetime": "20150524115216"}, {"Available": 23, "StationId": "1114", "Total": 40, "Datetime": "20150524120416"}, {"Available": 22, "StationId": "1114", "Total": 40, "Datetime": "20150524132616"}, {"Available": 24, "StationId": "1114", "Total": 40, "Datetime": "20150524135317"}, {"Available": 23, "StationId": "1114", "Total": 40, "Datetime": "20150524154216"}, {"Available": 24, "StationId": "1114", "Total": 40, "Datetime": "20150524161816"}, {"Available": 22, "StationId": "1114", "Total": 40, "Datetime": "20150524163316"}, {"Available": 21, "StationId": "1114", "Total": 40, "Datetime": "20150524164516"}, {"Available": 23, "StationId": "1114", "Total": 40, "Datetime": "20150524173116"}, {"Available": 24, "StationId": "1114", "Total": 40, "Datetime": "20150524173716"}, {"Available": 23, "StationId": "1114", "Total": 40, "Datetime": "20150524191016"}, {"Available": 24, "StationId": "1114", "Total": 40, "Datetime": "20150524192016"}, {"Available": 25, "StationId": "1114", "Total": 40, "Datetime": "20150524200216"}, {"Available": 26, "StationId": "1114", "Total": 40, "Datetime": "20150524202916"}, {"Available": 28, "StationId": "1114", "Total": 40, "Datetime": "20150524205616"}, {"Available": 29, "StationId": "1114", "Total": 40, "Datetime": "20150524221216"}], "StationId": "1114"}, {"Date": "20150525", "States": [{"Available": 29, "StationId": "1114", "Total": 40, "Datetime": "20150525000116"}, {"Available": 30, "StationId": "1114", "Total": 40, "Datetime": "20150525073437"}, {"Available": 29, "StationId": "1114", "Total": 40, "Datetime": "20150525082236"}, {"Available": 28, "StationId": "1114", "Total": 40, "Datetime": "20150525113237"}, {"Available": 29, "StationId": "1114", "Total": 40, "Datetime": "20150525115437"}, {"Available": 28, "StationId": "1114", "Total": 40, "Datetime": "20150525121537"}, {"Available": 27, "StationId": "1114", "Total": 40, "Datetime": "20150525122136"}, {"Available": 26, "StationId": "1114", "Total": 40, "Datetime": "20150525131337"}, {"Available": 25, "StationId": "1114", "Total": 40, "Datetime": "20150525132537"}, {"Available": 26, "StationId": "1114", "Total": 40, "Datetime": "20150525132836"}, {"Available": 25, "StationId": "1114", "Total": 40, "Datetime": "20150525134736"}, {"Available": 24, "StationId": "1114", "Total": 40, "Datetime": "20150525135036"}, {"Available": 23, "StationId": "1114", "Total": 40, "Datetime": "20150525140836"}, {"Available": 22, "StationId": "1114", "Total": 40, "Datetime": "20150525163237"}, {"Available": 24, "StationId": "1114", "Total": 40, "Datetime": "20150525163537"}, {"Available": 23, "StationId": "1114", "Total": 40, "Datetime": "20150525164136"}, {"Available": 22, "StationId": "1114", "Total": 40, "Datetime": "20150525164736"}, {"Available": 21, "StationId": "1114", "Total": 40, "Datetime": "20150525170636"}, {"Available": 22, "StationId": "1114", "Total": 40, "Datetime": "20150525170936"}, {"Available": 23, "StationId": "1114", "Total": 40, "Datetime": "20150525171536"}, {"Available": 21, "StationId": "1114", "Total": 40, "Datetime": "20150525172136"}, {"Available": 22, "StationId": "1114", "Total": 40, "Datetime": "20150525172736"}, {"Available": 21, "StationId": "1114", "Total": 40, "Datetime": "20150525173036"}, {"Available": 20, "StationId": "1114", "Total": 40, "Datetime": "20150525175237"}, {"Available": 19, "StationId": "1114", "Total": 40, "Datetime": "20150525175536"}, {"Available": 21, "StationId": "1114", "Total": 40, "Datetime": "20150525180136"}, {"Available": 23, "StationId": "1114", "Total": 40, "Datetime": "20150525180436"}, {"Available": 24, "StationId": "1114", "Total": 40, "Datetime": "20150525180736"}, {"Available": 23, "StationId": "1114", "Total": 40, "Datetime": "20150525182236"}, {"Available": 22, "StationId": "1114", "Total": 40, "Datetime": "20150525182536"}, {"Available": 23, "StationId": "1114", "Total": 40, "Datetime": "20150525182836"}, {"Available": 24, "StationId": "1114", "Total": 40, "Datetime": "20150525183736"}, {"Available": 23, "StationId": "1114", "Total": 40, "Datetime": "20150525184936"}, {"Available": 24, "StationId": "1114", "Total": 40, "Datetime": "20150525185936"}, {"Available": 26, "StationId": "1114", "Total": 40, "Datetime": "20150525190836"}, {"Available": 27, "StationId": "1114", "Total": 40, "Datetime": "20150525192936"}, {"Available": 26, "StationId": "1114", "Total": 40, "Datetime": "20150525194136"}, {"Available": 25, "StationId": "1114", "Total": 40, "Datetime": "20150525200236"}, {"Available": 24, "StationId": "1114", "Total": 40, "Datetime": "20150525201736"}, {"Available": 25, "StationId": "1114", "Total": 40, "Datetime": "20150525202040"}, {"Available": 24, "StationId": "1114", "Total": 40, "Datetime": "20150525205736"}, {"Available": 23, "StationId": "1114", "Total": 40, "Datetime": "20150525210336"}, {"Available": 24, "StationId": "1114", "Total": 40, "Datetime": "20150525212436"}, {"Available": 25, "StationId": "1114", "Total": 40, "Datetime": "20150525213336"}, {"Available": 24, "StationId": "1114", "Total": 40, "Datetime": "20150525213936"}, {"Available": 25, "StationId": "1114", "Total": 40, "Datetime": "20150525215436"}, {"Available": 27, "StationId": "1114", "Total": 40, "Datetime": "20150525221335"}, {"Available": 28, "StationId": "1114", "Total": 40, "Datetime": "20150525223736"}, {"Available": 29, "StationId": "1114", "Total": 40, "Datetime": "20150525224036"}], "StationId": "1114"}, {"Date": "20150526", "States": [{"Available": 29, "StationId": "1114", "Total": 40, "Datetime": "20150526000136"}, {"Available": 28, "StationId": "1114", "Total": 40, "Datetime": "20150526004436"}, {"Available": 29, "StationId": "1114", "Total": 40, "Datetime": "20150526005936"}, {"Available": 28, "StationId": "1114", "Total": 40, "Datetime": "20150526023329"}, {"Available": 29, "StationId": "1114", "Total": 40, "Datetime": "20150526025729"}, {"Available": 28, "StationId": "1114", "Total": 40, "Datetime": "20150526043924"}, {"Available": 29, "StationId": "1114", "Total": 40, "Datetime": "20150526044524"}, {"Available": 30, "StationId": "1114", "Total": 40, "Datetime": "20150526044824"}, {"Available": 31, "StationId": "1114", "Total": 40, "Datetime": "20150526051023"}, {"Available": 30, "StationId": "1114", "Total": 40, "Datetime": "20150526055824"}, {"Available": 29, "StationId": "1114", "Total": 40, "Datetime": "20150526061323"}, {"Available": 30, "StationId": "1114", "Total": 40, "Datetime": "20150526073724"}, {"Available": 29, "StationId": "1114", "Total": 40, "Datetime": "20150526080824"}, {"Available": 30, "StationId": "1114", "Total": 40, "Datetime": "20150526092424"}, {"Available": 29, "StationId": "1114", "Total": 40, "Datetime": "20150526113823"}, {"Available": 28, "StationId": "1114", "Total": 40, "Datetime": "20150526114423"}, {"Available": 29, "StationId": "1114", "Total": 40, "Datetime": "20150526120323"}, {"Available": 30, "StationId": "1114", "Total": 40, "Datetime": "20150526123923"}, {"Available": 29, "StationId": "1114", "Total": 40, "Datetime": "20150526131925"}, {"Available": 28, "StationId": "1114", "Total": 40, "Datetime": "20150526133726"}, {"Available": 27, "StationId": "1114", "Total": 40, "Datetime": "20150526140826"}, {"Available": 28, "StationId": "1114", "Total": 40, "Datetime": "20150526141426"}, {"Available": 29, "StationId": "1114", "Total": 40, "Datetime": "20150526142325"}, {"Available": 28, "StationId": "1114", "Total": 40, "Datetime": "20150526142625"}, {"Available": 29, "StationId": "1114", "Total": 40, "Datetime": "20150526142925"}, {"Available": 28, "StationId": "1114", "Total": 40, "Datetime": "20150526143826"}, {"Available": 29, "StationId": "1114", "Total": 40, "Datetime": "20150526150325"}, {"Available": 28, "StationId": "1114", "Total": 40, "Datetime": "20150526171825"}, {"Available": 27, "StationId": "1114", "Total": 40, "Datetime": "20150526174326"}, {"Available": 28, "StationId": "1114", "Total": 40, "Datetime": "20150526174625"}, {"Available": 27, "StationId": "1114", "Total": 40, "Datetime": "20150526175525"}, {"Available": 26, "StationId": "1114", "Total": 40, "Datetime": "20150526175825"}, {"Available": 27, "StationId": "1114", "Total": 40, "Datetime": "20150526180725"}, {"Available": 26, "StationId": "1114", "Total": 40, "Datetime": "20150526183126"}, {"Available": 27, "StationId": "1114", "Total": 40, "Datetime": "20150526184026"}, {"Available": 26, "StationId": "1114", "Total": 40, "Datetime": "20150526185325"}, {"Available": 25, "StationId": "1114", "Total": 40, "Datetime": "20150526202925"}, {"Available": 26, "StationId": "1114", "Total": 40, "Datetime": "20150526203925"}, {"Available": 25, "StationId": "1114", "Total": 40, "Datetime": "20150526204225"}, {"Available": 26, "StationId": "1114", "Total": 40, "Datetime": "20150526214525"}, {"Available": 27, "StationId": "1114", "Total": 40, "Datetime": "20150526224025"}, {"Available": 26, "StationId": "1114", "Total": 40, "Datetime": "20150526225525"}, {"Available": 27, "StationId": "1114", "Total": 40, "Datetime": "20150526231025"}, {"Available": 25, "StationId": "1114", "Total": 40, "Datetime": "20150526234624"}, {"Available": 26, "StationId": "1114", "Total": 40, "Datetime": "20150526235224"}, {"Available": 28, "StationId": "1114", "Total": 40, "Datetime": "20150526235925"}], "StationId": "1114"}, {"Date": "20150527", "States": [{"Available": 28, "StationId": "1114", "Total": 40, "Datetime": "20150527000124"}, {"Available": 27, "StationId": "1114", "Total": 40, "Datetime": "20150527015659"}, {"Available": 28, "StationId": "1114", "Total": 40, "Datetime": "20150527030029"}, {"Available": 29, "StationId": "1114", "Total": 40, "Datetime": "20150527033144"}, {"Available": 30, "StationId": "1114", "Total": 40, "Datetime": "20150527035243"}, {"Available": 29, "StationId": "1114", "Total": 40, "Datetime": "20150527054731"}, {"Available": 30, "StationId": "1114", "Total": 40, "Datetime": "20150527055631"}, {"Available": 29, "StationId": "1114", "Total": 40, "Datetime": "20150527060231"}, {"Available": 28, "StationId": "1114", "Total": 40, "Datetime": "20150527063231"}, {"Available": 27, "StationId": "1114", "Total": 40, "Datetime": "20150527063831"}, {"Available": 26, "StationId": "1114", "Total": 40, "Datetime": "20150527064730"}, {"Available": 27, "StationId": "1114", "Total": 40, "Datetime": "20150527070830"}, {"Available": 28, "StationId": "1114", "Total": 40, "Datetime": "20150527073330"}, {"Available": 26, "StationId": "1114", "Total": 40, "Datetime": "20150527073631"}, {"Available": 25, "StationId": "1114", "Total": 40, "Datetime": "20150527080331"}, {"Available": 26, "StationId": "1114", "Total": 40, "Datetime": "20150527082731"}, {"Available": 25, "StationId": "1114", "Total": 40, "Datetime": "20150527094730"}, {"Available": 24, "StationId": "1114", "Total": 40, "Datetime": "20150527105430"}, {"Available": 25, "StationId": "1114", "Total": 40, "Datetime": "20150527110030"}, {"Available": 26, "StationId": "1114", "Total": 40, "Datetime": "20150527114931"}, {"Available": 28, "StationId": "1114", "Total": 40, "Datetime": "20150527115330"}, {"Available": 29, "StationId": "1114", "Total": 40, "Datetime": "20150527115630"}, {"Available": 28, "StationId": "1114", "Total": 40, "Datetime": "20150527121130"}, {"Available": 29, "StationId": "1114", "Total": 40, "Datetime": "20150527121430"}], "StationId": "1114"}]