[{"Date": "20150521", "States": [{"Available": 0, "StationId": "1095", "Total": 46, "Datetime": "20150521235830"}], "StationId": "1095"}, {"Date": "20150522", "States": [{"Available": 0, "StationId": "1095", "Total": 46, "Datetime": "20150522000130"}, {"Available": 18, "StationId": "1095", "Total": 46, "Datetime": "20150522020517"}, {"Available": 25, "StationId": "1095", "Total": 46, "Datetime": "20150522020817"}, {"Available": 26, "StationId": "1095", "Total": 46, "Datetime": "20150522062541"}, {"Available": 25, "StationId": "1095", "Total": 46, "Datetime": "20150522071142"}, {"Available": 26, "StationId": "1095", "Total": 46, "Datetime": "20150522073542"}, {"Available": 27, "StationId": "1095", "Total": 46, "Datetime": "20150522075041"}, {"Available": 26, "StationId": "1095", "Total": 46, "Datetime": "20150522082041"}, {"Available": 25, "StationId": "1095", "Total": 46, "Datetime": "20150522090041"}, {"Available": 26, "StationId": "1095", "Total": 46, "Datetime": "20150522090642"}, {"Available": 25, "StationId": "1095", "Total": 46, "Datetime": "20150522092141"}, {"Available": 24, "StationId": "1095", "Total": 52, "Datetime": "20150522093441"}, {"Available": 25, "StationId": "1095", "Total": 52, "Datetime": "20150522094341"}, {"Available": 24, "StationId": "1095", "Total": 52, "Datetime": "20150522094942"}, {"Available": 25, "StationId": "1095", "Total": 52, "Datetime": "20150522100641"}, {"Available": 26, "StationId": "1095", "Total": 52, "Datetime": "20150522103542"}, {"Available": 27, "StationId": "1095", "Total": 52, "Datetime": "20150522105041"}, {"Available": 28, "StationId": "1095", "Total": 52, "Datetime": "20150522110541"}, {"Available": 27, "StationId": "1095", "Total": 52, "Datetime": "20150522120641"}, {"Available": 28, "StationId": "1095", "Total": 52, "Datetime": "20150522123742"}, {"Available": 27, "StationId": "1095", "Total": 52, "Datetime": "20150522143341"}, {"Available": 26, "StationId": "1095", "Total": 52, "Datetime": "20150522143941"}, {"Available": 28, "StationId": "1095", "Total": 52, "Datetime": "20150522150741"}, {"Available": 27, "StationId": "1095", "Total": 52, "Datetime": "20150522152841"}, {"Available": 28, "StationId": "1095", "Total": 52, "Datetime": "20150522154741"}, {"Available": 25, "StationId": "1095", "Total": 52, "Datetime": "20150522160541"}, {"Available": 26, "StationId": "1095", "Total": 52, "Datetime": "20150522160841"}, {"Available": 24, "StationId": "1095", "Total": 52, "Datetime": "20150522162041"}, {"Available": 22, "StationId": "1095", "Total": 52, "Datetime": "20150522163041"}, {"Available": 24, "StationId": "1095", "Total": 52, "Datetime": "20150522163642"}, {"Available": 20, "StationId": "1095", "Total": 52, "Datetime": "20150522164602"}, {"Available": 22, "StationId": "1095", "Total": 52, "Datetime": "20150522164841"}, {"Available": 21, "StationId": "1095", "Total": 52, "Datetime": "20150522165441"}, {"Available": 20, "StationId": "1095", "Total": 52, "Datetime": "20150522165741"}, {"Available": 18, "StationId": "1095", "Total": 52, "Datetime": "20150522170041"}, {"Available": 20, "StationId": "1095", "Total": 52, "Datetime": "20150522170641"}, {"Available": 18, "StationId": "1095", "Total": 52, "Datetime": "20150522170941"}, {"Available": 16, "StationId": "1095", "Total": 52, "Datetime": "20150522171841"}, {"Available": 15, "StationId": "1095", "Total": 52, "Datetime": "20150522172241"}, {"Available": 8, "StationId": "1095", "Total": 52, "Datetime": "20150522172541"}, {"Available": 7, "StationId": "1095", "Total": 52, "Datetime": "20150522173441"}, {"Available": 9, "StationId": "1095", "Total": 52, "Datetime": "20150522173741"}, {"Available": 7, "StationId": "1095", "Total": 52, "Datetime": "20150522174041"}, {"Available": 4, "StationId": "1095", "Total": 52, "Datetime": "20150522174341"}, {"Available": 3, "StationId": "1095", "Total": 52, "Datetime": "20150522174641"}, {"Available": 4, "StationId": "1095", "Total": 52, "Datetime": "20150522175241"}, {"Available": 3, "StationId": "1095", "Total": 52, "Datetime": "20150522175541"}, {"Available": 1, "StationId": "1095", "Total": 52, "Datetime": "20150522175841"}, {"Available": 0, "StationId": "1095", "Total": 52, "Datetime": "20150522180141"}, {"Available": 1, "StationId": "1095", "Total": 52, "Datetime": "20150522182841"}, {"Available": 0, "StationId": "1095", "Total": 52, "Datetime": "20150522184141"}, {"Available": 1, "StationId": "1095", "Total": 52, "Datetime": "20150522185341"}, {"Available": 0, "StationId": "1095", "Total": 52, "Datetime": "20150522185641"}, {"Available": 1, "StationId": "1095", "Total": 52, "Datetime": "20150522192041"}, {"Available": 0, "StationId": "1095", "Total": 52, "Datetime": "20150522192341"}, {"Available": 9, "StationId": "1095", "Total": 52, "Datetime": "20150522200341"}, {"Available": 10, "StationId": "1095", "Total": 52, "Datetime": "20150522201844"}, {"Available": 9, "StationId": "1095", "Total": 52, "Datetime": "20150522202441"}, {"Available": 4, "StationId": "1095", "Total": 52, "Datetime": "20150522203041"}, {"Available": 3, "StationId": "1095", "Total": 52, "Datetime": "20150522204241"}, {"Available": 2, "StationId": "1095", "Total": 52, "Datetime": "20150522205741"}, {"Available": 1, "StationId": "1095", "Total": 52, "Datetime": "20150522211941"}, {"Available": 0, "StationId": "1095", "Total": 52, "Datetime": "20150522213141"}, {"Available": 1, "StationId": "1095", "Total": 52, "Datetime": "20150522215541"}, {"Available": 2, "StationId": "1095", "Total": 52, "Datetime": "20150522220141"}, {"Available": 1, "StationId": "1095", "Total": 52, "Datetime": "20150522221641"}, {"Available": 0, "StationId": "1095", "Total": 52, "Datetime": "20150522223141"}, {"Available": 7, "StationId": "1095", "Total": 52, "Datetime": "20150522234441"}, {"Available": 13, "StationId": "1095", "Total": 52, "Datetime": "20150522234741"}, {"Available": 12, "StationId": "1095", "Total": 52, "Datetime": "20150522235941"}], "StationId": "1095"}, {"Date": "20150523", "States": [{"Available": 9, "StationId": "1095", "Total": 52, "Datetime": "20150523000241"}, {"Available": 7, "StationId": "1095", "Total": 52, "Datetime": "20150523001141"}, {"Available": 6, "StationId": "1095", "Total": 52, "Datetime": "20150523002041"}, {"Available": 4, "StationId": "1095", "Total": 52, "Datetime": "20150523003340"}, {"Available": 3, "StationId": "1095", "Total": 52, "Datetime": "20150523003641"}, {"Available": 2, "StationId": "1095", "Total": 52, "Datetime": "20150523010040"}, {"Available": 4, "StationId": "1095", "Total": 52, "Datetime": "20150523012433"}, {"Available": 5, "StationId": "1095", "Total": 52, "Datetime": "20150523063225"}, {"Available": 6, "StationId": "1095", "Total": 52, "Datetime": "20150523064125"}, {"Available": 7, "StationId": "1095", "Total": 52, "Datetime": "20150523065925"}, {"Available": 8, "StationId": "1095", "Total": 52, "Datetime": "20150523071124"}, {"Available": 9, "StationId": "1095", "Total": 52, "Datetime": "20150523071724"}, {"Available": 10, "StationId": "1095", "Total": 52, "Datetime": "20150523072325"}, {"Available": 9, "StationId": "1095", "Total": 52, "Datetime": "20150523072925"}, {"Available": 10, "StationId": "1095", "Total": 52, "Datetime": "20150523074525"}, {"Available": 9, "StationId": "1095", "Total": 52, "Datetime": "20150523075124"}, {"Available": 10, "StationId": "1095", "Total": 52, "Datetime": "20150523081224"}, {"Available": 11, "StationId": "1095", "Total": 52, "Datetime": "20150523081824"}, {"Available": 12, "StationId": "1095", "Total": 52, "Datetime": "20150523083024"}, {"Available": 13, "StationId": "1095", "Total": 52, "Datetime": "20150523084824"}, {"Available": 14, "StationId": "1095", "Total": 52, "Datetime": "20150523085424"}, {"Available": 15, "StationId": "1095", "Total": 52, "Datetime": "20150523090925"}, {"Available": 14, "StationId": "1095", "Total": 52, "Datetime": "20150523091525"}, {"Available": 16, "StationId": "1095", "Total": 52, "Datetime": "20150523093424"}, {"Available": 17, "StationId": "1095", "Total": 52, "Datetime": "20150523094325"}, {"Available": 16, "StationId": "1095", "Total": 52, "Datetime": "20150523094924"}, {"Available": 14, "StationId": "1095", "Total": 52, "Datetime": "20150523095225"}, {"Available": 15, "StationId": "1095", "Total": 52, "Datetime": "20150523100425"}, {"Available": 14, "StationId": "1095", "Total": 52, "Datetime": "20150523101024"}, {"Available": 13, "StationId": "1095", "Total": 52, "Datetime": "20150523101324"}, {"Available": 12, "StationId": "1095", "Total": 52, "Datetime": "20150523102225"}, {"Available": 10, "StationId": "1095", "Total": 52, "Datetime": "20150523102524"}, {"Available": 11, "StationId": "1095", "Total": 52, "Datetime": "20150523102824"}, {"Available": 14, "StationId": "1095", "Total": 52, "Datetime": "20150523103124"}, {"Available": 12, "StationId": "1095", "Total": 52, "Datetime": "20150523104025"}, {"Available": 13, "StationId": "1095", "Total": 52, "Datetime": "20150523104324"}, {"Available": 11, "StationId": "1095", "Total": 52, "Datetime": "20150523104624"}, {"Available": 10, "StationId": "1095", "Total": 52, "Datetime": "20150523105225"}, {"Available": 9, "StationId": "1095", "Total": 52, "Datetime": "20150523110124"}, {"Available": 11, "StationId": "1095", "Total": 52, "Datetime": "20150523111624"}, {"Available": 12, "StationId": "1095", "Total": 52, "Datetime": "20150523114124"}, {"Available": 13, "StationId": "1095", "Total": 52, "Datetime": "20150523114724"}, {"Available": 12, "StationId": "1095", "Total": 52, "Datetime": "20150523115024"}, {"Available": 17, "StationId": "1095", "Total": 52, "Datetime": "20150523115324"}, {"Available": 15, "StationId": "1095", "Total": 52, "Datetime": "20150523115925"}, {"Available": 17, "StationId": "1095", "Total": 52, "Datetime": "20150523120224"}, {"Available": 16, "StationId": "1095", "Total": 52, "Datetime": "20150523120525"}, {"Available": 15, "StationId": "1095", "Total": 52, "Datetime": "20150523122025"}, {"Available": 16, "StationId": "1095", "Total": 52, "Datetime": "20150523122329"}, {"Available": 15, "StationId": "1095", "Total": 52, "Datetime": "20150523122625"}, {"Available": 18, "StationId": "1095", "Total": 52, "Datetime": "20150523123224"}, {"Available": 21, "StationId": "1095", "Total": 52, "Datetime": "20150523123527"}, {"Available": 19, "StationId": "1095", "Total": 52, "Datetime": "20150523123824"}, {"Available": 20, "StationId": "1095", "Total": 52, "Datetime": "20150523124124"}, {"Available": 21, "StationId": "1095", "Total": 52, "Datetime": "20150523124724"}, {"Available": 22, "StationId": "1095", "Total": 52, "Datetime": "20150523125025"}, {"Available": 19, "StationId": "1095", "Total": 52, "Datetime": "20150523125324"}, {"Available": 20, "StationId": "1095", "Total": 52, "Datetime": "20150523125624"}, {"Available": 19, "StationId": "1095", "Total": 52, "Datetime": "20150523130225"}, {"Available": 16, "StationId": "1095", "Total": 52, "Datetime": "20150523131224"}, {"Available": 15, "StationId": "1095", "Total": 52, "Datetime": "20150523131524"}, {"Available": 14, "StationId": "1095", "Total": 52, "Datetime": "20150523131824"}, {"Available": 15, "StationId": "1095", "Total": 52, "Datetime": "20150523132124"}, {"Available": 17, "StationId": "1095", "Total": 52, "Datetime": "20150523133024"}, {"Available": 16, "StationId": "1095", "Total": 52, "Datetime": "20150523133324"}, {"Available": 14, "StationId": "1095", "Total": 52, "Datetime": "20150523134525"}, {"Available": 13, "StationId": "1095", "Total": 52, "Datetime": "20150523135124"}, {"Available": 11, "StationId": "1095", "Total": 52, "Datetime": "20150523135424"}, {"Available": 12, "StationId": "1095", "Total": 52, "Datetime": "20150523140024"}, {"Available": 11, "StationId": "1095", "Total": 52, "Datetime": "20150523140624"}, {"Available": 10, "StationId": "1095", "Total": 52, "Datetime": "20150523140924"}, {"Available": 9, "StationId": "1095", "Total": 52, "Datetime": "20150523141524"}, {"Available": 8, "StationId": "1095", "Total": 52, "Datetime": "20150523141825"}, {"Available": 6, "StationId": "1095", "Total": 52, "Datetime": "20150523142424"}, {"Available": 5, "StationId": "1095", "Total": 52, "Datetime": "20150523142731"}, {"Available": 4, "StationId": "1095", "Total": 52, "Datetime": "20150523143324"}, {"Available": 3, "StationId": "1095", "Total": 52, "Datetime": "20150523144824"}, {"Available": 1, "StationId": "1095", "Total": 52, "Datetime": "20150523150124"}, {"Available": 0, "StationId": "1095", "Total": 52, "Datetime": "20150523151024"}, {"Available": 1, "StationId": "1095", "Total": 52, "Datetime": "20150523151924"}, {"Available": 2, "StationId": "1095", "Total": 52, "Datetime": "20150523152224"}, {"Available": 4, "StationId": "1095", "Total": 52, "Datetime": "20150523152524"}, {"Available": 5, "StationId": "1095", "Total": 52, "Datetime": "20150523152824"}, {"Available": 6, "StationId": "1095", "Total": 52, "Datetime": "20150523153124"}, {"Available": 5, "StationId": "1095", "Total": 52, "Datetime": "20150523153425"}, {"Available": 4, "StationId": "1095", "Total": 52, "Datetime": "20150523153724"}, {"Available": 3, "StationId": "1095", "Total": 52, "Datetime": "20150523154324"}, {"Available": 16, "StationId": "1095", "Total": 52, "Datetime": "20150523154624"}, {"Available": 17, "StationId": "1095", "Total": 52, "Datetime": "20150523160724"}, {"Available": 16, "StationId": "1095", "Total": 52, "Datetime": "20150523161024"}, {"Available": 15, "StationId": "1095", "Total": 52, "Datetime": "20150523161624"}, {"Available": 14, "StationId": "1095", "Total": 52, "Datetime": "20150523163224"}, {"Available": 13, "StationId": "1095", "Total": 52, "Datetime": "20150523164724"}, {"Available": 14, "StationId": "1095", "Total": 52, "Datetime": "20150523165624"}, {"Available": 15, "StationId": "1095", "Total": 52, "Datetime": "20150523172624"}, {"Available": 12, "StationId": "1095", "Total": 52, "Datetime": "20150523182424"}, {"Available": 10, "StationId": "1095", "Total": 52, "Datetime": "20150523184224"}, {"Available": 9, "StationId": "1095", "Total": 52, "Datetime": "20150523185424"}, {"Available": 8, "StationId": "1095", "Total": 52, "Datetime": "20150523190324"}, {"Available": 7, "StationId": "1095", "Total": 52, "Datetime": "20150523194224"}, {"Available": 8, "StationId": "1095", "Total": 52, "Datetime": "20150523194524"}, {"Available": 7, "StationId": "1095", "Total": 52, "Datetime": "20150523194824"}, {"Available": 6, "StationId": "1095", "Total": 52, "Datetime": "20150523200124"}, {"Available": 7, "StationId": "1095", "Total": 52, "Datetime": "20150523201024"}, {"Available": 6, "StationId": "1095", "Total": 52, "Datetime": "20150523214923"}, {"Available": 2, "StationId": "1095", "Total": 52, "Datetime": "20150523220724"}, {"Available": 0, "StationId": "1095", "Total": 52, "Datetime": "20150523221424"}, {"Available": 5, "StationId": "1095", "Total": 52, "Datetime": "20150523231724"}, {"Available": 14, "StationId": "1095", "Total": 52, "Datetime": "20150523232024"}, {"Available": 13, "StationId": "1095", "Total": 52, "Datetime": "20150523233824"}, {"Available": 12, "StationId": "1095", "Total": 52, "Datetime": "20150523234724"}, {"Available": 10, "StationId": "1095", "Total": 52, "Datetime": "20150523235924"}], "StationId": "1095"}, {"Date": "20150524", "States": [{"Available": 9, "StationId": "1095", "Total": 52, "Datetime": "20150524000224"}, {"Available": 8, "StationId": "1095", "Total": 52, "Datetime": "20150524002023"}, {"Available": 7, "StationId": "1095", "Total": 52, "Datetime": "20150524003323"}, {"Available": 6, "StationId": "1095", "Total": 52, "Datetime": "20150524020030"}, {"Available": 7, "StationId": "1095", "Total": 52, "Datetime": "20150524072938"}, {"Available": 8, "StationId": "1095", "Total": 52, "Datetime": "20150524073538"}, {"Available": 9, "StationId": "1095", "Total": 52, "Datetime": "20150524075038"}, {"Available": 10, "StationId": "1095", "Total": 52, "Datetime": "20150524080938"}, {"Available": 11, "StationId": "1095", "Total": 52, "Datetime": "20150524081238"}, {"Available": 12, "StationId": "1095", "Total": 52, "Datetime": "20150524081538"}, {"Available": 13, "StationId": "1095", "Total": 52, "Datetime": "20150524081838"}, {"Available": 14, "StationId": "1095", "Total": 52, "Datetime": "20150524083638"}, {"Available": 15, "StationId": "1095", "Total": 52, "Datetime": "20150524083939"}, {"Available": 16, "StationId": "1095", "Total": 52, "Datetime": "20150524084838"}, {"Available": 17, "StationId": "1095", "Total": 52, "Datetime": "20150524085138"}, {"Available": 16, "StationId": "1095", "Total": 52, "Datetime": "20150524085438"}, {"Available": 17, "StationId": "1095", "Total": 52, "Datetime": "20150524090039"}, {"Available": 18, "StationId": "1095", "Total": 52, "Datetime": "20150524090339"}, {"Available": 19, "StationId": "1095", "Total": 52, "Datetime": "20150524093038"}, {"Available": 16, "StationId": "1095", "Total": 52, "Datetime": "20150524093338"}, {"Available": 17, "StationId": "1095", "Total": 52, "Datetime": "20150524093939"}, {"Available": 18, "StationId": "1095", "Total": 52, "Datetime": "20150524094538"}, {"Available": 19, "StationId": "1095", "Total": 52, "Datetime": "20150524094838"}, {"Available": 20, "StationId": "1095", "Total": 52, "Datetime": "20150524114039"}, {"Available": 22, "StationId": "1095", "Total": 52, "Datetime": "20150524120738"}, {"Available": 23, "StationId": "1095", "Total": 52, "Datetime": "20150524121939"}, {"Available": 22, "StationId": "1095", "Total": 52, "Datetime": "20150524123239"}, {"Available": 21, "StationId": "1095", "Total": 52, "Datetime": "20150524125938"}, {"Available": 22, "StationId": "1095", "Total": 52, "Datetime": "20150524130538"}, {"Available": 23, "StationId": "1095", "Total": 52, "Datetime": "20150524132038"}, {"Available": 22, "StationId": "1095", "Total": 52, "Datetime": "20150524132338"}, {"Available": 23, "StationId": "1095", "Total": 52, "Datetime": "20150524132938"}, {"Available": 22, "StationId": "1095", "Total": 52, "Datetime": "20150524133238"}, {"Available": 23, "StationId": "1095", "Total": 52, "Datetime": "20150524133538"}, {"Available": 24, "StationId": "1095", "Total": 52, "Datetime": "20150524134738"}, {"Available": 23, "StationId": "1095", "Total": 52, "Datetime": "20150524135038"}, {"Available": 22, "StationId": "1095", "Total": 52, "Datetime": "20150524142638"}, {"Available": 20, "StationId": "1095", "Total": 52, "Datetime": "20150524143238"}, {"Available": 18, "StationId": "1095", "Total": 52, "Datetime": "20150524143538"}, {"Available": 17, "StationId": "1095", "Total": 52, "Datetime": "20150524151538"}, {"Available": 16, "StationId": "1095", "Total": 52, "Datetime": "20150524152138"}, {"Available": 15, "StationId": "1095", "Total": 52, "Datetime": "20150524153938"}, {"Available": 16, "StationId": "1095", "Total": 52, "Datetime": "20150524154238"}, {"Available": 13, "StationId": "1095", "Total": 52, "Datetime": "20150524154738"}, {"Available": 10, "StationId": "1095", "Total": 52, "Datetime": "20150524155138"}, {"Available": 7, "StationId": "1095", "Total": 52, "Datetime": "20150524155738"}, {"Available": 6, "StationId": "1095", "Total": 52, "Datetime": "20150524160038"}, {"Available": 5, "StationId": "1095", "Total": 52, "Datetime": "20150524161238"}, {"Available": 3, "StationId": "1095", "Total": 52, "Datetime": "20150524162038"}, {"Available": 0, "StationId": "1095", "Total": 52, "Datetime": "20150524162439"}, {"Available": 1, "StationId": "1095", "Total": 52, "Datetime": "20150524163638"}, {"Available": 2, "StationId": "1095", "Total": 52, "Datetime": "20150524164538"}, {"Available": 1, "StationId": "1095", "Total": 52, "Datetime": "20150524164838"}, {"Available": 0, "StationId": "1095", "Total": 52, "Datetime": "20150524165738"}, {"Available": 1, "StationId": "1095", "Total": 52, "Datetime": "20150524171338"}, {"Available": 2, "StationId": "1095", "Total": 52, "Datetime": "20150524171938"}, {"Available": 0, "StationId": "1095", "Total": 52, "Datetime": "20150524172838"}, {"Available": 2, "StationId": "1095", "Total": 52, "Datetime": "20150524174638"}, {"Available": 4, "StationId": "1095", "Total": 52, "Datetime": "20150524182238"}, {"Available": 3, "StationId": "1095", "Total": 52, "Datetime": "20150524183738"}, {"Available": 2, "StationId": "1095", "Total": 52, "Datetime": "20150524191738"}, {"Available": 1, "StationId": "1095", "Total": 52, "Datetime": "20150524192038"}, {"Available": 0, "StationId": "1095", "Total": 52, "Datetime": "20150524192638"}, {"Available": 14, "StationId": "1095", "Total": 52, "Datetime": "20150524194438"}, {"Available": 15, "StationId": "1095", "Total": 52, "Datetime": "20150524194738"}, {"Available": 14, "StationId": "1095", "Total": 52, "Datetime": "20150524195338"}, {"Available": 13, "StationId": "1095", "Total": 52, "Datetime": "20150524202938"}, {"Available": 12, "StationId": "1095", "Total": 52, "Datetime": "20150524203838"}, {"Available": 11, "StationId": "1095", "Total": 52, "Datetime": "20150524211138"}, {"Available": 10, "StationId": "1095", "Total": 52, "Datetime": "20150524212738"}, {"Available": 9, "StationId": "1095", "Total": 52, "Datetime": "20150524222738"}, {"Available": 8, "StationId": "1095", "Total": 52, "Datetime": "20150524224538"}, {"Available": 6, "StationId": "1095", "Total": 52, "Datetime": "20150524230638"}, {"Available": 5, "StationId": "1095", "Total": 52, "Datetime": "20150524231538"}, {"Available": 4, "StationId": "1095", "Total": 52, "Datetime": "20150524232437"}, {"Available": 3, "StationId": "1095", "Total": 52, "Datetime": "20150524233737"}, {"Available": 4, "StationId": "1095", "Total": 52, "Datetime": "20150524234037"}, {"Available": 3, "StationId": "1095", "Total": 52, "Datetime": "20150524234637"}, {"Available": 10, "StationId": "1095", "Total": 52, "Datetime": "20150524235537"}], "StationId": "1095"}, {"Date": "20150525", "States": [{"Available": 10, "StationId": "1095", "Total": 52, "Datetime": "20150525000142"}, {"Available": 9, "StationId": "1095", "Total": 52, "Datetime": "20150525001037"}, {"Available": 8, "StationId": "1095", "Total": 52, "Datetime": "20150525001938"}, {"Available": 7, "StationId": "1095", "Total": 52, "Datetime": "20150525002538"}, {"Available": 5, "StationId": "1095", "Total": 52, "Datetime": "20150525004338"}, {"Available": 4, "StationId": "1095", "Total": 52, "Datetime": "20150525005838"}, {"Available": 5, "StationId": "1095", "Total": 52, "Datetime": "20150525050932"}, {"Available": 6, "StationId": "1095", "Total": 52, "Datetime": "20150525060032"}, {"Available": 7, "StationId": "1095", "Total": 52, "Datetime": "20150525061233"}, {"Available": 8, "StationId": "1095", "Total": 52, "Datetime": "20150525063132"}, {"Available": 9, "StationId": "1095", "Total": 52, "Datetime": "20150525064033"}, {"Available": 11, "StationId": "1095", "Total": 52, "Datetime": "20150525064633"}, {"Available": 14, "StationId": "1095", "Total": 52, "Datetime": "20150525065232"}, {"Available": 13, "StationId": "1095", "Total": 52, "Datetime": "20150525070133"}, {"Available": 14, "StationId": "1095", "Total": 52, "Datetime": "20150525071633"}, {"Available": 15, "StationId": "1095", "Total": 52, "Datetime": "20150525073133"}, {"Available": 16, "StationId": "1095", "Total": 52, "Datetime": "20150525073433"}, {"Available": 17, "StationId": "1095", "Total": 52, "Datetime": "20150525073733"}, {"Available": 18, "StationId": "1095", "Total": 52, "Datetime": "20150525075233"}, {"Available": 19, "StationId": "1095", "Total": 52, "Datetime": "20150525080433"}, {"Available": 21, "StationId": "1095", "Total": 52, "Datetime": "20150525080732"}, {"Available": 23, "StationId": "1095", "Total": 52, "Datetime": "20150525081332"}, {"Available": 25, "StationId": "1095", "Total": 52, "Datetime": "20150525081632"}, {"Available": 26, "StationId": "1095", "Total": 52, "Datetime": "20150525081932"}, {"Available": 27, "StationId": "1095", "Total": 52, "Datetime": "20150525091432"}, {"Available": 26, "StationId": "1095", "Total": 52, "Datetime": "20150525095432"}, {"Available": 25, "StationId": "1095", "Total": 52, "Datetime": "20150525102833"}, {"Available": 26, "StationId": "1095", "Total": 52, "Datetime": "20150525105233"}, {"Available": 27, "StationId": "1095", "Total": 52, "Datetime": "20150525110532"}, {"Available": 26, "StationId": "1095", "Total": 52, "Datetime": "20150525114132"}, {"Available": 27, "StationId": "1095", "Total": 52, "Datetime": "20150525115132"}, {"Available": 26, "StationId": "1095", "Total": 52, "Datetime": "20150525120635"}, {"Available": 25, "StationId": "1095", "Total": 52, "Datetime": "20150525123732"}, {"Available": 26, "StationId": "1095", "Total": 52, "Datetime": "20150525125232"}, {"Available": 27, "StationId": "1095", "Total": 52, "Datetime": "20150525125832"}, {"Available": 26, "StationId": "1095", "Total": 52, "Datetime": "20150525130132"}, {"Available": 28, "StationId": "1095", "Total": 52, "Datetime": "20150525130432"}, {"Available": 27, "StationId": "1095", "Total": 52, "Datetime": "20150525131032"}, {"Available": 26, "StationId": "1095", "Total": 52, "Datetime": "20150525132232"}, {"Available": 25, "StationId": "1095", "Total": 52, "Datetime": "20150525142333"}, {"Available": 24, "StationId": "1095", "Total": 52, "Datetime": "20150525142632"}, {"Available": 23, "StationId": "1095", "Total": 52, "Datetime": "20150525143632"}, {"Available": 22, "StationId": "1095", "Total": 52, "Datetime": "20150525143932"}, {"Available": 21, "StationId": "1095", "Total": 52, "Datetime": "20150525145432"}, {"Available": 20, "StationId": "1095", "Total": 52, "Datetime": "20150525151932"}, {"Available": 19, "StationId": "1095", "Total": 52, "Datetime": "20150525152532"}, {"Available": 18, "StationId": "1095", "Total": 52, "Datetime": "20150525152832"}, {"Available": 19, "StationId": "1095", "Total": 52, "Datetime": "20150525153432"}, {"Available": 18, "StationId": "1095", "Total": 52, "Datetime": "20150525153732"}, {"Available": 17, "StationId": "1095", "Total": 52, "Datetime": "20150525154332"}, {"Available": 16, "StationId": "1095", "Total": 52, "Datetime": "20150525154932"}, {"Available": 13, "StationId": "1095", "Total": 52, "Datetime": "20150525155232"}, {"Available": 12, "StationId": "1095", "Total": 52, "Datetime": "20150525155532"}, {"Available": 11, "StationId": "1095", "Total": 52, "Datetime": "20150525160432"}, {"Available": 8, "StationId": "1095", "Total": 52, "Datetime": "20150525161132"}, {"Available": 7, "StationId": "1095", "Total": 52, "Datetime": "20150525162332"}, {"Available": 5, "StationId": "1095", "Total": 52, "Datetime": "20150525162932"}, {"Available": 4, "StationId": "1095", "Total": 52, "Datetime": "20150525163232"}, {"Available": 3, "StationId": "1095", "Total": 52, "Datetime": "20150525163532"}, {"Available": 4, "StationId": "1095", "Total": 52, "Datetime": "20150525164432"}, {"Available": 5, "StationId": "1095", "Total": 52, "Datetime": "20150525165732"}, {"Available": 4, "StationId": "1095", "Total": 52, "Datetime": "20150525170032"}, {"Available": 5, "StationId": "1095", "Total": 52, "Datetime": "20150525170332"}, {"Available": 3, "StationId": "1095", "Total": 52, "Datetime": "20150525171232"}, {"Available": 1, "StationId": "1095", "Total": 52, "Datetime": "20150525171839"}, {"Available": 0, "StationId": "1095", "Total": 52, "Datetime": "20150525172432"}, {"Available": 1, "StationId": "1095", "Total": 52, "Datetime": "20150525174932"}, {"Available": 0, "StationId": "1095", "Total": 52, "Datetime": "20150525175232"}, {"Available": 1, "StationId": "1095", "Total": 52, "Datetime": "20150525180132"}, {"Available": 0, "StationId": "1095", "Total": 52, "Datetime": "20150525180432"}, {"Available": 2, "StationId": "1095", "Total": 52, "Datetime": "20150525182532"}, {"Available": 0, "StationId": "1095", "Total": 52, "Datetime": "20150525182832"}, {"Available": 1, "StationId": "1095", "Total": 52, "Datetime": "20150525190832"}, {"Available": 0, "StationId": "1095", "Total": 52, "Datetime": "20150525191132"}, {"Available": 7, "StationId": "1095", "Total": 52, "Datetime": "20150525195032"}, {"Available": 14, "StationId": "1095", "Total": 52, "Datetime": "20150525195332"}, {"Available": 13, "StationId": "1095", "Total": 52, "Datetime": "20150525201202"}, {"Available": 10, "StationId": "1095", "Total": 52, "Datetime": "20150525201432"}, {"Available": 7, "StationId": "1095", "Total": 52, "Datetime": "20150525201732"}, {"Available": 3, "StationId": "1095", "Total": 52, "Datetime": "20150525203032"}, {"Available": 2, "StationId": "1095", "Total": 52, "Datetime": "20150525203632"}, {"Available": 0, "StationId": "1095", "Total": 52, "Datetime": "20150525204232"}, {"Available": 1, "StationId": "1095", "Total": 52, "Datetime": "20150525205132"}, {"Available": 0, "StationId": "1095", "Total": 52, "Datetime": "20150525205432"}, {"Available": 1, "StationId": "1095", "Total": 52, "Datetime": "20150525210032"}, {"Available": 2, "StationId": "1095", "Total": 52, "Datetime": "20150525210332"}, {"Available": 1, "StationId": "1095", "Total": 52, "Datetime": "20150525211839"}, {"Available": 0, "StationId": "1095", "Total": 52, "Datetime": "20150525213032"}, {"Available": 1, "StationId": "1095", "Total": 52, "Datetime": "20150525213632"}, {"Available": 0, "StationId": "1095", "Total": 52, "Datetime": "20150525214232"}, {"Available": 1, "StationId": "1095", "Total": 52, "Datetime": "20150525221331"}, {"Available": 0, "StationId": "1095", "Total": 52, "Datetime": "20150525221631"}, {"Available": 1, "StationId": "1095", "Total": 52, "Datetime": "20150525230132"}, {"Available": 0, "StationId": "1095", "Total": 52, "Datetime": "20150525230431"}], "StationId": "1095"}, {"Date": "20150526", "States": [{"Available": 0, "StationId": "1095", "Total": 52, "Datetime": "20150526000132"}, {"Available": 7, "StationId": "1095", "Total": 52, "Datetime": "20150526005332"}, {"Available": 4, "StationId": "1095", "Total": 52, "Datetime": "20150526005631"}, {"Available": 3, "StationId": "1095", "Total": 52, "Datetime": "20150526010536"}, {"Available": 2, "StationId": "1095", "Total": 52, "Datetime": "20150526011436"}, {"Available": 3, "StationId": "1095", "Total": 52, "Datetime": "20150526045428"}, {"Available": 4, "StationId": "1095", "Total": 52, "Datetime": "20150526052828"}, {"Available": 5, "StationId": "1095", "Total": 52, "Datetime": "20150526054328"}, {"Available": 6, "StationId": "1095", "Total": 52, "Datetime": "20150526055528"}, {"Available": 8, "StationId": "1095", "Total": 52, "Datetime": "20150526060128"}, {"Available": 9, "StationId": "1095", "Total": 52, "Datetime": "20150526060433"}, {"Available": 8, "StationId": "1095", "Total": 52, "Datetime": "20150526061338"}, {"Available": 9, "StationId": "1095", "Total": 52, "Datetime": "20150526061928"}, {"Available": 10, "StationId": "1095", "Total": 52, "Datetime": "20150526063427"}, {"Available": 11, "StationId": "1095", "Total": 52, "Datetime": "20150526063727"}, {"Available": 13, "StationId": "1095", "Total": 52, "Datetime": "20150526064027"}, {"Available": 12, "StationId": "1095", "Total": 52, "Datetime": "20150526064327"}, {"Available": 15, "StationId": "1095", "Total": 52, "Datetime": "20150526064928"}, {"Available": 18, "StationId": "1095", "Total": 52, "Datetime": "20150526065828"}, {"Available": 19, "StationId": "1095", "Total": 52, "Datetime": "20150526070128"}, {"Available": 20, "StationId": "1095", "Total": 52, "Datetime": "20150526071337"}, {"Available": 21, "StationId": "1095", "Total": 52, "Datetime": "20150526071928"}, {"Available": 22, "StationId": "1095", "Total": 52, "Datetime": "20150526072227"}, {"Available": 26, "StationId": "1095", "Total": 52, "Datetime": "20150526072528"}, {"Available": 27, "StationId": "1095", "Total": 52, "Datetime": "20150526072828"}, {"Available": 28, "StationId": "1095", "Total": 52, "Datetime": "20150526073128"}, {"Available": 29, "StationId": "1095", "Total": 52, "Datetime": "20150526073728"}, {"Available": 30, "StationId": "1095", "Total": 52, "Datetime": "20150526080528"}, {"Available": 32, "StationId": "1095", "Total": 52, "Datetime": "20150526081128"}, {"Available": 33, "StationId": "1095", "Total": 52, "Datetime": "20150526081428"}, {"Available": 35, "StationId": "1095", "Total": 52, "Datetime": "20150526081727"}, {"Available": 36, "StationId": "1095", "Total": 52, "Datetime": "20150526082627"}, {"Available": 37, "StationId": "1095", "Total": 52, "Datetime": "20150526082927"}, {"Available": 36, "StationId": "1095", "Total": 52, "Datetime": "20150526085927"}, {"Available": 37, "StationId": "1095", "Total": 52, "Datetime": "20150526092127"}, {"Available": 31, "StationId": "1095", "Total": 52, "Datetime": "20150526092427"}, {"Available": 32, "StationId": "1095", "Total": 52, "Datetime": "20150526093627"}, {"Available": 33, "StationId": "1095", "Total": 52, "Datetime": "20150526095127"}, {"Available": 34, "StationId": "1095", "Total": 52, "Datetime": "20150526102827"}, {"Available": 35, "StationId": "1095", "Total": 52, "Datetime": "20150526112927"}, {"Available": 36, "StationId": "1095", "Total": 52, "Datetime": "20150526122427"}, {"Available": 35, "StationId": "1095", "Total": 52, "Datetime": "20150526122727"}, {"Available": 34, "StationId": "1095", "Total": 52, "Datetime": "20150526123927"}, {"Available": 33, "StationId": "1095", "Total": 52, "Datetime": "20150526125427"}, {"Available": 32, "StationId": "1095", "Total": 52, "Datetime": "20150526131929"}, {"Available": 31, "StationId": "1095", "Total": 52, "Datetime": "20150526132529"}, {"Available": 32, "StationId": "1095", "Total": 52, "Datetime": "20150526134029"}, {"Available": 31, "StationId": "1095", "Total": 52, "Datetime": "20150526134929"}, {"Available": 30, "StationId": "1095", "Total": 52, "Datetime": "20150526135229"}, {"Available": 29, "StationId": "1095", "Total": 52, "Datetime": "20150526135829"}, {"Available": 28, "StationId": "1095", "Total": 52, "Datetime": "20150526140429"}, {"Available": 29, "StationId": "1095", "Total": 52, "Datetime": "20150526140829"}, {"Available": 28, "StationId": "1095", "Total": 52, "Datetime": "20150526141430"}, {"Available": 27, "StationId": "1095", "Total": 52, "Datetime": "20150526141730"}, {"Available": 28, "StationId": "1095", "Total": 52, "Datetime": "20150526142030"}, {"Available": 29, "StationId": "1095", "Total": 52, "Datetime": "20150526144730"}, {"Available": 28, "StationId": "1095", "Total": 52, "Datetime": "20150526153329"}, {"Available": 29, "StationId": "1095", "Total": 52, "Datetime": "20150526153629"}, {"Available": 28, "StationId": "1095", "Total": 52, "Datetime": "20150526154230"}, {"Available": 27, "StationId": "1095", "Total": 52, "Datetime": "20150526162229"}, {"Available": 28, "StationId": "1095", "Total": 52, "Datetime": "20150526162929"}, {"Available": 29, "StationId": "1095", "Total": 52, "Datetime": "20150526163229"}, {"Available": 28, "StationId": "1095", "Total": 52, "Datetime": "20150526163529"}, {"Available": 26, "StationId": "1095", "Total": 52, "Datetime": "20150526164429"}, {"Available": 28, "StationId": "1095", "Total": 52, "Datetime": "20150526165102"}, {"Available": 27, "StationId": "1095", "Total": 52, "Datetime": "20150526165430"}, {"Available": 28, "StationId": "1095", "Total": 52, "Datetime": "20150526170329"}, {"Available": 26, "StationId": "1095", "Total": 52, "Datetime": "20150526170929"}, {"Available": 24, "StationId": "1095", "Total": 52, "Datetime": "20150526171530"}, {"Available": 22, "StationId": "1095", "Total": 52, "Datetime": "20150526171830"}, {"Available": 19, "StationId": "1095", "Total": 52, "Datetime": "20150526172130"}, {"Available": 18, "StationId": "1095", "Total": 52, "Datetime": "20150526172429"}, {"Available": 17, "StationId": "1095", "Total": 52, "Datetime": "20150526173429"}, {"Available": 14, "StationId": "1095", "Total": 52, "Datetime": "20150526174029"}, {"Available": 13, "StationId": "1095", "Total": 52, "Datetime": "20150526174330"}, {"Available": 9, "StationId": "1095", "Total": 52, "Datetime": "20150526174629"}, {"Available": 7, "StationId": "1095", "Total": 52, "Datetime": "20150526174929"}, {"Available": 8, "StationId": "1095", "Total": 52, "Datetime": "20150526175230"}, {"Available": 6, "StationId": "1095", "Total": 52, "Datetime": "20150526175530"}, {"Available": 5, "StationId": "1095", "Total": 52, "Datetime": "20150526180129"}, {"Available": 4, "StationId": "1095", "Total": 52, "Datetime": "20150526180429"}, {"Available": 1, "StationId": "1095", "Total": 52, "Datetime": "20150526180729"}, {"Available": 0, "StationId": "1095", "Total": 52, "Datetime": "20150526181029"}, {"Available": 2, "StationId": "1095", "Total": 52, "Datetime": "20150526181339"}, {"Available": 1, "StationId": "1095", "Total": 52, "Datetime": "20150526181629"}, {"Available": 0, "StationId": "1095", "Total": 52, "Datetime": "20150526181929"}, {"Available": 1, "StationId": "1095", "Total": 52, "Datetime": "20150526183429"}, {"Available": 0, "StationId": "1095", "Total": 52, "Datetime": "20150526183729"}, {"Available": 14, "StationId": "1095", "Total": 52, "Datetime": "20150526193829"}, {"Available": 15, "StationId": "1095", "Total": 52, "Datetime": "20150526194429"}, {"Available": 14, "StationId": "1095", "Total": 52, "Datetime": "20150526194729"}, {"Available": 13, "StationId": "1095", "Total": 52, "Datetime": "20150526195329"}, {"Available": 11, "StationId": "1095", "Total": 52, "Datetime": "20150526195929"}, {"Available": 10, "StationId": "1095", "Total": 52, "Datetime": "20150526201729"}, {"Available": 8, "StationId": "1095", "Total": 52, "Datetime": "20150526202029"}, {"Available": 7, "StationId": "1095", "Total": 52, "Datetime": "20150526202329"}, {"Available": 6, "StationId": "1095", "Total": 52, "Datetime": "20150526202629"}, {"Available": 5, "StationId": "1095", "Total": 52, "Datetime": "20150526203329"}, {"Available": 4, "StationId": "1095", "Total": 52, "Datetime": "20150526203929"}, {"Available": 3, "StationId": "1095", "Total": 52, "Datetime": "20150526204529"}, {"Available": 4, "StationId": "1095", "Total": 52, "Datetime": "20150526205429"}, {"Available": 5, "StationId": "1095", "Total": 52, "Datetime": "20150526210629"}, {"Available": 4, "StationId": "1095", "Total": 52, "Datetime": "20150526211229"}, {"Available": 3, "StationId": "1095", "Total": 52, "Datetime": "20150526212128"}, {"Available": 4, "StationId": "1095", "Total": 52, "Datetime": "20150526213629"}, {"Available": 3, "StationId": "1095", "Total": 52, "Datetime": "20150526214828"}, {"Available": 1, "StationId": "1095", "Total": 52, "Datetime": "20150526215128"}, {"Available": 0, "StationId": "1095", "Total": 52, "Datetime": "20150526221029"}, {"Available": 3, "StationId": "1095", "Total": 52, "Datetime": "20150526230129"}, {"Available": 13, "StationId": "1095", "Total": 52, "Datetime": "20150526230429"}, {"Available": 12, "StationId": "1095", "Total": 52, "Datetime": "20150526230729"}, {"Available": 11, "StationId": "1095", "Total": 52, "Datetime": "20150526232829"}, {"Available": 10, "StationId": "1095", "Total": 52, "Datetime": "20150526234629"}], "StationId": "1095"}, {"Date": "20150527", "States": [{"Available": 10, "StationId": "1095", "Total": 52, "Datetime": "20150527000229"}, {"Available": 9, "StationId": "1095", "Total": 52, "Datetime": "20150527000829"}, {"Available": 10, "StationId": "1095", "Total": 52, "Datetime": "20150527002029"}, {"Available": 8, "StationId": "1095", "Total": 52, "Datetime": "20150527004429"}, {"Available": 7, "StationId": "1095", "Total": 52, "Datetime": "20150527005329"}, {"Available": 8, "StationId": "1095", "Total": 52, "Datetime": "20150527044633"}, {"Available": 9, "StationId": "1095", "Total": 52, "Datetime": "20150527055933"}, {"Available": 10, "StationId": "1095", "Total": 52, "Datetime": "20150527060233"}, {"Available": 11, "StationId": "1095", "Total": 52, "Datetime": "20150527061733"}, {"Available": 12, "StationId": "1095", "Total": 52, "Datetime": "20150527062033"}, {"Available": 13, "StationId": "1095", "Total": 52, "Datetime": "20150527063233"}, {"Available": 14, "StationId": "1095", "Total": 52, "Datetime": "20150527063533"}, {"Available": 15, "StationId": "1095", "Total": 52, "Datetime": "20150527063833"}, {"Available": 16, "StationId": "1095", "Total": 52, "Datetime": "20150527064133"}, {"Available": 17, "StationId": "1095", "Total": 52, "Datetime": "20150527064433"}, {"Available": 18, "StationId": "1095", "Total": 52, "Datetime": "20150527064733"}, {"Available": 21, "StationId": "1095", "Total": 52, "Datetime": "20150527065033"}, {"Available": 23, "StationId": "1095", "Total": 52, "Datetime": "20150527065633"}, {"Available": 27, "StationId": "1095", "Total": 52, "Datetime": "20150527065933"}, {"Available": 28, "StationId": "1095", "Total": 52, "Datetime": "20150527070233"}, {"Available": 29, "StationId": "1095", "Total": 52, "Datetime": "20150527070833"}, {"Available": 30, "StationId": "1095", "Total": 52, "Datetime": "20150527071132"}, {"Available": 29, "StationId": "1095", "Total": 52, "Datetime": "20150527072133"}, {"Available": 30, "StationId": "1095", "Total": 52, "Datetime": "20150527072433"}, {"Available": 33, "StationId": "1095", "Total": 52, "Datetime": "20150527072733"}, {"Available": 34, "StationId": "1095", "Total": 52, "Datetime": "20150527073033"}, {"Available": 35, "StationId": "1095", "Total": 52, "Datetime": "20150527073333"}, {"Available": 36, "StationId": "1095", "Total": 52, "Datetime": "20150527073633"}, {"Available": 37, "StationId": "1095", "Total": 52, "Datetime": "20150527074533"}, {"Available": 39, "StationId": "1095", "Total": 52, "Datetime": "20150527075133"}, {"Available": 41, "StationId": "1095", "Total": 52, "Datetime": "20150527080632"}, {"Available": 42, "StationId": "1095", "Total": 52, "Datetime": "20150527080933"}, {"Available": 44, "StationId": "1095", "Total": 52, "Datetime": "20150527081232"}, {"Available": 45, "StationId": "1095", "Total": 52, "Datetime": "20150527081832"}, {"Available": 44, "StationId": "1095", "Total": 52, "Datetime": "20150527082132"}, {"Available": 40, "StationId": "1095", "Total": 52, "Datetime": "20150527082732"}, {"Available": 34, "StationId": "1095", "Total": 52, "Datetime": "20150527083033"}, {"Available": 33, "StationId": "1095", "Total": 52, "Datetime": "20150527083332"}, {"Available": 35, "StationId": "1095", "Total": 52, "Datetime": "20150527084632"}, {"Available": 34, "StationId": "1095", "Total": 52, "Datetime": "20150527092233"}, {"Available": 31, "StationId": "1095", "Total": 52, "Datetime": "20150527092533"}, {"Available": 28, "StationId": "1095", "Total": 52, "Datetime": "20150527092832"}, {"Available": 30, "StationId": "1095", "Total": 52, "Datetime": "20150527093133"}, {"Available": 31, "StationId": "1095", "Total": 52, "Datetime": "20150527094132"}, {"Available": 28, "StationId": "1095", "Total": 52, "Datetime": "20150527094433"}, {"Available": 30, "StationId": "1095", "Total": 52, "Datetime": "20150527094733"}, {"Available": 31, "StationId": "1095", "Total": 52, "Datetime": "20150527095633"}, {"Available": 30, "StationId": "1095", "Total": 52, "Datetime": "20150527095932"}, {"Available": 29, "StationId": "1095", "Total": 52, "Datetime": "20150527100832"}, {"Available": 30, "StationId": "1095", "Total": 52, "Datetime": "20150527101433"}, {"Available": 27, "StationId": "1095", "Total": 52, "Datetime": "20150527101732"}, {"Available": 28, "StationId": "1095", "Total": 52, "Datetime": "20150527103632"}, {"Available": 27, "StationId": "1095", "Total": 52, "Datetime": "20150527104832"}, {"Available": 29, "StationId": "1095", "Total": 52, "Datetime": "20150527110633"}, {"Available": 30, "StationId": "1095", "Total": 52, "Datetime": "20150527111332"}, {"Available": 31, "StationId": "1095", "Total": 52, "Datetime": "20150527112832"}], "StationId": "1095"}]