[{"Date": "20150514", "States": [{"Available": 0, "StationId": "1075", "Total": 40, "Datetime": "20150514235051"}], "StationId": "1075"}, {"Date": "20150515", "States": [{"Available": 0, "StationId": "1075", "Total": 40, "Datetime": "20150515000242"}, {"Available": 10, "StationId": "1075", "Total": 40, "Datetime": "20150515001142"}, {"Available": 19, "StationId": "1075", "Total": 40, "Datetime": "20150515001442"}, {"Available": 28, "StationId": "1075", "Total": 40, "Datetime": "20150515001842"}, {"Available": 27, "StationId": "1075", "Total": 40, "Datetime": "20150515055642"}, {"Available": 28, "StationId": "1075", "Total": 40, "Datetime": "20150515061141"}, {"Available": 27, "StationId": "1075", "Total": 40, "Datetime": "20150515063642"}, {"Available": 26, "StationId": "1075", "Total": 40, "Datetime": "20150515063942"}, {"Available": 23, "StationId": "1075", "Total": 40, "Datetime": "20150515065741"}, {"Available": 22, "StationId": "1075", "Total": 40, "Datetime": "20150515071841"}, {"Available": 21, "StationId": "1075", "Total": 40, "Datetime": "20150515074842"}, {"Available": 20, "StationId": "1075", "Total": 40, "Datetime": "20150515080042"}, {"Available": 19, "StationId": "1075", "Total": 40, "Datetime": "20150515080641"}, {"Available": 17, "StationId": "1075", "Total": 40, "Datetime": "20150515081341"}, {"Available": 19, "StationId": "1075", "Total": 40, "Datetime": "20150515081941"}, {"Available": 18, "StationId": "1075", "Total": 40, "Datetime": "20150515082541"}, {"Available": 19, "StationId": "1075", "Total": 40, "Datetime": "20150515084942"}, {"Available": 18, "StationId": "1075", "Total": 40, "Datetime": "20150515085542"}, {"Available": 19, "StationId": "1075", "Total": 40, "Datetime": "20150515090142"}, {"Available": 18, "StationId": "1075", "Total": 40, "Datetime": "20150515090742"}, {"Available": 19, "StationId": "1075", "Total": 40, "Datetime": "20150515092542"}, {"Available": 18, "StationId": "1075", "Total": 40, "Datetime": "20150515092842"}, {"Available": 17, "StationId": "1075", "Total": 40, "Datetime": "20150515102041"}, {"Available": 18, "StationId": "1075", "Total": 40, "Datetime": "20150515102941"}, {"Available": 17, "StationId": "1075", "Total": 40, "Datetime": "20150515112441"}, {"Available": 18, "StationId": "1075", "Total": 40, "Datetime": "20150515113941"}, {"Available": 19, "StationId": "1075", "Total": 40, "Datetime": "20150515121641"}, {"Available": 18, "StationId": "1075", "Total": 40, "Datetime": "20150515123141"}, {"Available": 16, "StationId": "1075", "Total": 40, "Datetime": "20150515123442"}, {"Available": 17, "StationId": "1075", "Total": 40, "Datetime": "20150515123741"}, {"Available": 18, "StationId": "1075", "Total": 40, "Datetime": "20150515124141"}, {"Available": 16, "StationId": "1075", "Total": 40, "Datetime": "20150515124442"}, {"Available": 18, "StationId": "1075", "Total": 40, "Datetime": "20150515125341"}, {"Available": 17, "StationId": "1075", "Total": 40, "Datetime": "20150515131441"}, {"Available": 16, "StationId": "1075", "Total": 40, "Datetime": "20150515131741"}, {"Available": 15, "StationId": "1075", "Total": 40, "Datetime": "20150515132042"}, {"Available": 12, "StationId": "1075", "Total": 40, "Datetime": "20150515132341"}, {"Available": 13, "StationId": "1075", "Total": 40, "Datetime": "20150515133841"}, {"Available": 12, "StationId": "1075", "Total": 40, "Datetime": "20150515141241"}, {"Available": 11, "StationId": "1075", "Total": 40, "Datetime": "20150515141841"}, {"Available": 12, "StationId": "1075", "Total": 40, "Datetime": "20150515144242"}, {"Available": 11, "StationId": "1075", "Total": 40, "Datetime": "20150515151547"}, {"Available": 12, "StationId": "1075", "Total": 40, "Datetime": "20150515153650"}, {"Available": 11, "StationId": "1075", "Total": 40, "Datetime": "20150515160047"}, {"Available": 10, "StationId": "1075", "Total": 40, "Datetime": "20150515161647"}, {"Available": 9, "StationId": "1075", "Total": 40, "Datetime": "20150515162547"}, {"Available": 8, "StationId": "1075", "Total": 40, "Datetime": "20150515163149"}, {"Available": 9, "StationId": "1075", "Total": 40, "Datetime": "20150515163502"}, {"Available": 10, "StationId": "1075", "Total": 40, "Datetime": "20150515164052"}, {"Available": 11, "StationId": "1075", "Total": 40, "Datetime": "20150515171053"}, {"Available": 10, "StationId": "1075", "Total": 40, "Datetime": "20150515171649"}, {"Available": 9, "StationId": "1075", "Total": 40, "Datetime": "20150515172056"}, {"Available": 10, "StationId": "1075", "Total": 40, "Datetime": "20150515172647"}, {"Available": 9, "StationId": "1075", "Total": 40, "Datetime": "20150515172948"}, {"Available": 10, "StationId": "1075", "Total": 40, "Datetime": "20150515173547"}, {"Available": 9, "StationId": "1075", "Total": 40, "Datetime": "20150515174747"}, {"Available": 11, "StationId": "1075", "Total": 40, "Datetime": "20150515175647"}, {"Available": 13, "StationId": "1075", "Total": 40, "Datetime": "20150515180247"}, {"Available": 12, "StationId": "1075", "Total": 40, "Datetime": "20150515181147"}, {"Available": 13, "StationId": "1075", "Total": 40, "Datetime": "20150515182047"}, {"Available": 14, "StationId": "1075", "Total": 40, "Datetime": "20150515184547"}, {"Available": 15, "StationId": "1075", "Total": 40, "Datetime": "20150515185747"}, {"Available": 14, "StationId": "1075", "Total": 40, "Datetime": "20150515190647"}, {"Available": 15, "StationId": "1075", "Total": 40, "Datetime": "20150515190947"}, {"Available": 16, "StationId": "1075", "Total": 40, "Datetime": "20150515193047"}, {"Available": 17, "StationId": "1075", "Total": 40, "Datetime": "20150515194547"}, {"Available": 16, "StationId": "1075", "Total": 40, "Datetime": "20150515194947"}, {"Available": 15, "StationId": "1075", "Total": 40, "Datetime": "20150515195247"}, {"Available": 16, "StationId": "1075", "Total": 40, "Datetime": "20150515195547"}, {"Available": 17, "StationId": "1075", "Total": 40, "Datetime": "20150515195847"}, {"Available": 16, "StationId": "1075", "Total": 40, "Datetime": "20150515201347"}, {"Available": 15, "StationId": "1075", "Total": 40, "Datetime": "20150515201647"}, {"Available": 16, "StationId": "1075", "Total": 40, "Datetime": "20150515201947"}, {"Available": 15, "StationId": "1075", "Total": 40, "Datetime": "20150515202247"}, {"Available": 16, "StationId": "1075", "Total": 40, "Datetime": "20150515202547"}, {"Available": 15, "StationId": "1075", "Total": 40, "Datetime": "20150515203147"}, {"Available": 14, "StationId": "1075", "Total": 40, "Datetime": "20150515203447"}, {"Available": 15, "StationId": "1075", "Total": 40, "Datetime": "20150515203746"}, {"Available": 17, "StationId": "1075", "Total": 40, "Datetime": "20150515204346"}, {"Available": 19, "StationId": "1075", "Total": 40, "Datetime": "20150515204646"}, {"Available": 18, "StationId": "1075", "Total": 40, "Datetime": "20150515210447"}, {"Available": 17, "StationId": "1075", "Total": 40, "Datetime": "20150515211947"}, {"Available": 20, "StationId": "1075", "Total": 40, "Datetime": "20150515212947"}, {"Available": 22, "StationId": "1075", "Total": 40, "Datetime": "20150515213847"}, {"Available": 21, "StationId": "1075", "Total": 40, "Datetime": "20150515215047"}, {"Available": 22, "StationId": "1075", "Total": 40, "Datetime": "20150515215647"}, {"Available": 21, "StationId": "1075", "Total": 40, "Datetime": "20150515215947"}, {"Available": 20, "StationId": "1075", "Total": 40, "Datetime": "20150515220247"}, {"Available": 21, "StationId": "1075", "Total": 40, "Datetime": "20150515223246"}, {"Available": 20, "StationId": "1075", "Total": 40, "Datetime": "20150515223847"}, {"Available": 19, "StationId": "1075", "Total": 40, "Datetime": "20150515225047"}, {"Available": 18, "StationId": "1075", "Total": 40, "Datetime": "20150515225347"}, {"Available": 17, "StationId": "1075", "Total": 40, "Datetime": "20150515225647"}, {"Available": 15, "StationId": "1075", "Total": 40, "Datetime": "20150515225947"}, {"Available": 16, "StationId": "1075", "Total": 40, "Datetime": "20150515230347"}, {"Available": 17, "StationId": "1075", "Total": 40, "Datetime": "20150515231847"}, {"Available": 18, "StationId": "1075", "Total": 40, "Datetime": "20150515232147"}, {"Available": 19, "StationId": "1075", "Total": 40, "Datetime": "20150515232747"}, {"Available": 18, "StationId": "1075", "Total": 40, "Datetime": "20150515233347"}, {"Available": 17, "StationId": "1075", "Total": 40, "Datetime": "20150515234247"}], "StationId": "1075"}, {"Date": "20150516", "States": [{"Available": 17, "StationId": "1075", "Total": 40, "Datetime": "20150516000048"}, {"Available": 18, "StationId": "1075", "Total": 40, "Datetime": "20150516000647"}, {"Available": 19, "StationId": "1075", "Total": 40, "Datetime": "20150516001547"}, {"Available": 18, "StationId": "1075", "Total": 40, "Datetime": "20150516053846"}, {"Available": 19, "StationId": "1075", "Total": 40, "Datetime": "20150516055746"}, {"Available": 17, "StationId": "1075", "Total": 40, "Datetime": "20150516060346"}, {"Available": 18, "StationId": "1075", "Total": 40, "Datetime": "20150516060945"}, {"Available": 17, "StationId": "1075", "Total": 40, "Datetime": "20150516063945"}, {"Available": 16, "StationId": "1075", "Total": 40, "Datetime": "20150516064846"}, {"Available": 15, "StationId": "1075", "Total": 40, "Datetime": "20150516070646"}, {"Available": 14, "StationId": "1075", "Total": 40, "Datetime": "20150516071845"}, {"Available": 13, "StationId": "1075", "Total": 40, "Datetime": "20150516072445"}, {"Available": 12, "StationId": "1075", "Total": 40, "Datetime": "20150516073045"}, {"Available": 11, "StationId": "1075", "Total": 40, "Datetime": "20150516073645"}, {"Available": 9, "StationId": "1075", "Total": 40, "Datetime": "20150516075446"}, {"Available": 10, "StationId": "1075", "Total": 40, "Datetime": "20150516075746"}, {"Available": 11, "StationId": "1075", "Total": 40, "Datetime": "20150516080946"}, {"Available": 10, "StationId": "1075", "Total": 40, "Datetime": "20150516081246"}, {"Available": 9, "StationId": "1075", "Total": 40, "Datetime": "20150516083746"}, {"Available": 8, "StationId": "1075", "Total": 40, "Datetime": "20150516084345"}, {"Available": 9, "StationId": "1075", "Total": 40, "Datetime": "20150516084645"}, {"Available": 8, "StationId": "1075", "Total": 40, "Datetime": "20150516085245"}, {"Available": 9, "StationId": "1075", "Total": 40, "Datetime": "20150516085846"}, {"Available": 8, "StationId": "1075", "Total": 40, "Datetime": "20150516090146"}, {"Available": 7, "StationId": "1075", "Total": 40, "Datetime": "20150516092558"}, {"Available": 8, "StationId": "1075", "Total": 40, "Datetime": "20150516092845"}, {"Available": 7, "StationId": "1075", "Total": 40, "Datetime": "20150516093145"}, {"Available": 8, "StationId": "1075", "Total": 40, "Datetime": "20150516094046"}, {"Available": 7, "StationId": "1075", "Total": 40, "Datetime": "20150516094345"}, {"Available": 8, "StationId": "1075", "Total": 40, "Datetime": "20150516095845"}, {"Available": 9, "StationId": "1075", "Total": 40, "Datetime": "20150516101046"}, {"Available": 8, "StationId": "1075", "Total": 40, "Datetime": "20150516101646"}, {"Available": 9, "StationId": "1075", "Total": 40, "Datetime": "20150516102046"}, {"Available": 8, "StationId": "1075", "Total": 40, "Datetime": "20150516102346"}, {"Available": 9, "StationId": "1075", "Total": 40, "Datetime": "20150516102645"}, {"Available": 8, "StationId": "1075", "Total": 40, "Datetime": "20150516103545"}, {"Available": 7, "StationId": "1075", "Total": 40, "Datetime": "20150516111145"}, {"Available": 8, "StationId": "1075", "Total": 40, "Datetime": "20150516113245"}, {"Available": 7, "StationId": "1075", "Total": 40, "Datetime": "20150516114145"}, {"Available": 8, "StationId": "1075", "Total": 40, "Datetime": "20150516115345"}, {"Available": 9, "StationId": "1075", "Total": 40, "Datetime": "20150516121445"}, {"Available": 11, "StationId": "1075", "Total": 40, "Datetime": "20150516123945"}, {"Available": 10, "StationId": "1075", "Total": 40, "Datetime": "20150516124245"}, {"Available": 11, "StationId": "1075", "Total": 40, "Datetime": "20150516125145"}, {"Available": 12, "StationId": "1075", "Total": 40, "Datetime": "20150516130045"}, {"Available": 11, "StationId": "1075", "Total": 40, "Datetime": "20150516130345"}, {"Available": 12, "StationId": "1075", "Total": 40, "Datetime": "20150516131245"}, {"Available": 13, "StationId": "1075", "Total": 40, "Datetime": "20150516133945"}, {"Available": 12, "StationId": "1075", "Total": 40, "Datetime": "20150516135445"}, {"Available": 11, "StationId": "1075", "Total": 40, "Datetime": "20150516141045"}, {"Available": 10, "StationId": "1075", "Total": 40, "Datetime": "20150516141345"}, {"Available": 11, "StationId": "1075", "Total": 40, "Datetime": "20150516142245"}, {"Available": 12, "StationId": "1075", "Total": 40, "Datetime": "20150516144045"}, {"Available": 13, "StationId": "1075", "Total": 40, "Datetime": "20150516144345"}, {"Available": 12, "StationId": "1075", "Total": 40, "Datetime": "20150516144645"}, {"Available": 11, "StationId": "1075", "Total": 40, "Datetime": "20150516144945"}, {"Available": 12, "StationId": "1075", "Total": 40, "Datetime": "20150516145845"}, {"Available": 11, "StationId": "1075", "Total": 40, "Datetime": "20150516151045"}, {"Available": 10, "StationId": "1075", "Total": 40, "Datetime": "20150516151345"}, {"Available": 9, "StationId": "1075", "Total": 40, "Datetime": "20150516151645"}, {"Available": 8, "StationId": "1075", "Total": 40, "Datetime": "20150516151945"}, {"Available": 7, "StationId": "1075", "Total": 40, "Datetime": "20150516152245"}, {"Available": 8, "StationId": "1075", "Total": 40, "Datetime": "20150516152545"}, {"Available": 10, "StationId": "1075", "Total": 40, "Datetime": "20150516153445"}, {"Available": 8, "StationId": "1075", "Total": 40, "Datetime": "20150516154345"}, {"Available": 9, "StationId": "1075", "Total": 40, "Datetime": "20150516155245"}, {"Available": 5, "StationId": "1075", "Total": 40, "Datetime": "20150516160245"}, {"Available": 6, "StationId": "1075", "Total": 40, "Datetime": "20150516162945"}, {"Available": 7, "StationId": "1075", "Total": 40, "Datetime": "20150516163545"}, {"Available": 6, "StationId": "1075", "Total": 40, "Datetime": "20150516163845"}, {"Available": 5, "StationId": "1075", "Total": 40, "Datetime": "20150516164145"}, {"Available": 6, "StationId": "1075", "Total": 40, "Datetime": "20150516164445"}, {"Available": 7, "StationId": "1075", "Total": 40, "Datetime": "20150516165045"}, {"Available": 6, "StationId": "1075", "Total": 40, "Datetime": "20150516165345"}, {"Available": 5, "StationId": "1075", "Total": 40, "Datetime": "20150516170245"}, {"Available": 4, "StationId": "1075", "Total": 40, "Datetime": "20150516170545"}, {"Available": 5, "StationId": "1075", "Total": 40, "Datetime": "20150516170845"}, {"Available": 7, "StationId": "1075", "Total": 40, "Datetime": "20150516171745"}, {"Available": 6, "StationId": "1075", "Total": 40, "Datetime": "20150516173945"}, {"Available": 5, "StationId": "1075", "Total": 40, "Datetime": "20150516174845"}, {"Available": 6, "StationId": "1075", "Total": 40, "Datetime": "20150516175745"}, {"Available": 5, "StationId": "1075", "Total": 40, "Datetime": "20150516180045"}, {"Available": 6, "StationId": "1075", "Total": 40, "Datetime": "20150516180345"}, {"Available": 8, "StationId": "1075", "Total": 40, "Datetime": "20150516180945"}, {"Available": 7, "StationId": "1075", "Total": 40, "Datetime": "20150516182445"}, {"Available": 6, "StationId": "1075", "Total": 40, "Datetime": "20150516183045"}, {"Available": 7, "StationId": "1075", "Total": 40, "Datetime": "20150516184845"}, {"Available": 8, "StationId": "1075", "Total": 40, "Datetime": "20150516185745"}, {"Available": 9, "StationId": "1075", "Total": 40, "Datetime": "20150516190345"}, {"Available": 8, "StationId": "1075", "Total": 40, "Datetime": "20150516190945"}, {"Available": 7, "StationId": "1075", "Total": 40, "Datetime": "20150516191245"}, {"Available": 6, "StationId": "1075", "Total": 40, "Datetime": "20150516191545"}, {"Available": 7, "StationId": "1075", "Total": 40, "Datetime": "20150516192445"}, {"Available": 8, "StationId": "1075", "Total": 40, "Datetime": "20150516195245"}, {"Available": 7, "StationId": "1075", "Total": 40, "Datetime": "20150516200745"}, {"Available": 6, "StationId": "1075", "Total": 40, "Datetime": "20150516201644"}, {"Available": 7, "StationId": "1075", "Total": 40, "Datetime": "20150516201944"}, {"Available": 8, "StationId": "1075", "Total": 40, "Datetime": "20150516202244"}, {"Available": 9, "StationId": "1075", "Total": 40, "Datetime": "20150516204347"}, {"Available": 8, "StationId": "1075", "Total": 40, "Datetime": "20150516205544"}, {"Available": 7, "StationId": "1075", "Total": 40, "Datetime": "20150516210145"}, {"Available": 5, "StationId": "1075", "Total": 40, "Datetime": "20150516210745"}, {"Available": 6, "StationId": "1075", "Total": 40, "Datetime": "20150516211044"}, {"Available": 7, "StationId": "1075", "Total": 40, "Datetime": "20150516211645"}, {"Available": 8, "StationId": "1075", "Total": 40, "Datetime": "20150516212544"}, {"Available": 9, "StationId": "1075", "Total": 40, "Datetime": "20150516213144"}, {"Available": 8, "StationId": "1075", "Total": 40, "Datetime": "20150516214445"}, {"Available": 7, "StationId": "1075", "Total": 40, "Datetime": "20150516215344"}, {"Available": 9, "StationId": "1075", "Total": 40, "Datetime": "20150516215644"}, {"Available": 10, "StationId": "1075", "Total": 40, "Datetime": "20150516215944"}, {"Available": 9, "StationId": "1075", "Total": 40, "Datetime": "20150516220244"}, {"Available": 10, "StationId": "1075", "Total": 40, "Datetime": "20150516222044"}, {"Available": 12, "StationId": "1075", "Total": 40, "Datetime": "20150516222945"}, {"Available": 11, "StationId": "1075", "Total": 40, "Datetime": "20150516223245"}, {"Available": 12, "StationId": "1075", "Total": 40, "Datetime": "20150516223845"}, {"Available": 11, "StationId": "1075", "Total": 40, "Datetime": "20150516224445"}, {"Available": 10, "StationId": "1075", "Total": 40, "Datetime": "20150516225045"}, {"Available": 11, "StationId": "1075", "Total": 40, "Datetime": "20150516225344"}, {"Available": 12, "StationId": "1075", "Total": 40, "Datetime": "20150516225944"}, {"Available": 13, "StationId": "1075", "Total": 40, "Datetime": "20150516231144"}, {"Available": 12, "StationId": "1075", "Total": 40, "Datetime": "20150516232645"}, {"Available": 13, "StationId": "1075", "Total": 40, "Datetime": "20150516233245"}, {"Available": 14, "StationId": "1075", "Total": 40, "Datetime": "20150516233645"}, {"Available": 15, "StationId": "1075", "Total": 40, "Datetime": "20150516235745"}], "StationId": "1075"}, {"Date": "20150517", "States": [{"Available": 15, "StationId": "1075", "Total": 40, "Datetime": "20150517000045"}, {"Available": 14, "StationId": "1075", "Total": 40, "Datetime": "20150517001544"}, {"Available": 15, "StationId": "1075", "Total": 40, "Datetime": "20150517002144"}, {"Available": 14, "StationId": "1075", "Total": 40, "Datetime": "20150517004844"}, {"Available": 15, "StationId": "1075", "Total": 40, "Datetime": "20150517005145"}, {"Available": 16, "StationId": "1075", "Total": 40, "Datetime": "20150517013725"}, {"Available": 14, "StationId": "1075", "Total": 40, "Datetime": "20150517055033"}, {"Available": 15, "StationId": "1075", "Total": 40, "Datetime": "20150517055733"}, {"Available": 16, "StationId": "1075", "Total": 40, "Datetime": "20150517060332"}, {"Available": 15, "StationId": "1075", "Total": 40, "Datetime": "20150517063632"}, {"Available": 14, "StationId": "1075", "Total": 40, "Datetime": "20150517065132"}, {"Available": 13, "StationId": "1075", "Total": 40, "Datetime": "20150517065432"}, {"Available": 12, "StationId": "1075", "Total": 40, "Datetime": "20150517070333"}, {"Available": 13, "StationId": "1075", "Total": 40, "Datetime": "20150517072433"}, {"Available": 14, "StationId": "1075", "Total": 40, "Datetime": "20150517073633"}, {"Available": 13, "StationId": "1075", "Total": 40, "Datetime": "20150517075132"}, {"Available": 14, "StationId": "1075", "Total": 40, "Datetime": "20150517075432"}, {"Available": 12, "StationId": "1075", "Total": 40, "Datetime": "20150517083732"}, {"Available": 11, "StationId": "1075", "Total": 40, "Datetime": "20150517084106"}, {"Available": 10, "StationId": "1075", "Total": 40, "Datetime": "20150517084332"}, {"Available": 9, "StationId": "1075", "Total": 40, "Datetime": "20150517084932"}, {"Available": 8, "StationId": "1075", "Total": 40, "Datetime": "20150517085232"}, {"Available": 10, "StationId": "1075", "Total": 40, "Datetime": "20150517090132"}, {"Available": 9, "StationId": "1075", "Total": 40, "Datetime": "20150517092232"}, {"Available": 7, "StationId": "1075", "Total": 40, "Datetime": "20150517092832"}, {"Available": 8, "StationId": "1075", "Total": 40, "Datetime": "20150517094332"}, {"Available": 9, "StationId": "1075", "Total": 40, "Datetime": "20150517100732"}, {"Available": 8, "StationId": "1075", "Total": 40, "Datetime": "20150517102632"}, {"Available": 9, "StationId": "1075", "Total": 40, "Datetime": "20150517103832"}, {"Available": 8, "StationId": "1075", "Total": 40, "Datetime": "20150517104133"}, {"Available": 9, "StationId": "1075", "Total": 40, "Datetime": "20150517104432"}, {"Available": 8, "StationId": "1075", "Total": 40, "Datetime": "20150517105632"}, {"Available": 7, "StationId": "1075", "Total": 40, "Datetime": "20150517110532"}, {"Available": 8, "StationId": "1075", "Total": 40, "Datetime": "20150517111732"}, {"Available": 7, "StationId": "1075", "Total": 40, "Datetime": "20150517112332"}, {"Available": 5, "StationId": "1075", "Total": 40, "Datetime": "20150517113232"}, {"Available": 6, "StationId": "1075", "Total": 40, "Datetime": "20150517120033"}, {"Available": 5, "StationId": "1075", "Total": 40, "Datetime": "20150517120332"}, {"Available": 4, "StationId": "1075", "Total": 40, "Datetime": "20150517122432"}, {"Available": 3, "StationId": "1075", "Total": 40, "Datetime": "20150517123032"}, {"Available": 5, "StationId": "1075", "Total": 40, "Datetime": "20150517124832"}, {"Available": 6, "StationId": "1075", "Total": 40, "Datetime": "20150517130032"}, {"Available": 7, "StationId": "1075", "Total": 40, "Datetime": "20150517130332"}, {"Available": 6, "StationId": "1075", "Total": 40, "Datetime": "20150517130632"}, {"Available": 5, "StationId": "1075", "Total": 40, "Datetime": "20150517132432"}, {"Available": 6, "StationId": "1075", "Total": 40, "Datetime": "20150517132732"}, {"Available": 5, "StationId": "1075", "Total": 40, "Datetime": "20150517133632"}, {"Available": 4, "StationId": "1075", "Total": 40, "Datetime": "20150517134232"}, {"Available": 3, "StationId": "1075", "Total": 40, "Datetime": "20150517135832"}, {"Available": 6, "StationId": "1075", "Total": 40, "Datetime": "20150517141632"}, {"Available": 7, "StationId": "1075", "Total": 40, "Datetime": "20150517141932"}, {"Available": 8, "StationId": "1075", "Total": 40, "Datetime": "20150517142535"}, {"Available": 7, "StationId": "1075", "Total": 40, "Datetime": "20150517143132"}, {"Available": 6, "StationId": "1075", "Total": 40, "Datetime": "20150517143432"}, {"Available": 5, "StationId": "1075", "Total": 40, "Datetime": "20150517144032"}, {"Available": 3, "StationId": "1075", "Total": 40, "Datetime": "20150517150132"}, {"Available": 0, "StationId": "1075", "Total": 40, "Datetime": "20150517150432"}, {"Available": 2, "StationId": "1075", "Total": 40, "Datetime": "20150517151632"}, {"Available": 1, "StationId": "1075", "Total": 40, "Datetime": "20150517151931"}, {"Available": 4, "StationId": "1075", "Total": 40, "Datetime": "20150517154732"}, {"Available": 5, "StationId": "1075", "Total": 40, "Datetime": "20150517155332"}, {"Available": 4, "StationId": "1075", "Total": 40, "Datetime": "20150517161732"}, {"Available": 3, "StationId": "1075", "Total": 40, "Datetime": "20150517165032"}, {"Available": 4, "StationId": "1075", "Total": 40, "Datetime": "20150517165332"}, {"Available": 3, "StationId": "1075", "Total": 40, "Datetime": "20150517165632"}, {"Available": 4, "StationId": "1075", "Total": 40, "Datetime": "20150517165932"}, {"Available": 3, "StationId": "1075", "Total": 40, "Datetime": "20150517171732"}, {"Available": 4, "StationId": "1075", "Total": 40, "Datetime": "20150517172332"}, {"Available": 3, "StationId": "1075", "Total": 40, "Datetime": "20150517172632"}, {"Available": 4, "StationId": "1075", "Total": 40, "Datetime": "20150517173032"}, {"Available": 5, "StationId": "1075", "Total": 40, "Datetime": "20150517173332"}, {"Available": 3, "StationId": "1075", "Total": 40, "Datetime": "20150517174232"}, {"Available": 1, "StationId": "1075", "Total": 40, "Datetime": "20150517174832"}, {"Available": 2, "StationId": "1075", "Total": 40, "Datetime": "20150517175732"}, {"Available": 5, "StationId": "1075", "Total": 40, "Datetime": "20150517180032"}, {"Available": 6, "StationId": "1075", "Total": 40, "Datetime": "20150517180332"}, {"Available": 8, "StationId": "1075", "Total": 40, "Datetime": "20150517180632"}, {"Available": 7, "StationId": "1075", "Total": 40, "Datetime": "20150517180932"}, {"Available": 8, "StationId": "1075", "Total": 40, "Datetime": "20150517181532"}, {"Available": 9, "StationId": "1075", "Total": 40, "Datetime": "20150517181832"}, {"Available": 10, "StationId": "1075", "Total": 40, "Datetime": "20150517182132"}, {"Available": 11, "StationId": "1075", "Total": 40, "Datetime": "20150517182432"}, {"Available": 12, "StationId": "1075", "Total": 40, "Datetime": "20150517183032"}, {"Available": 11, "StationId": "1075", "Total": 40, "Datetime": "20150517183632"}, {"Available": 12, "StationId": "1075", "Total": 40, "Datetime": "20150517184832"}, {"Available": 13, "StationId": "1075", "Total": 40, "Datetime": "20150517190032"}, {"Available": 14, "StationId": "1075", "Total": 40, "Datetime": "20150517191332"}, {"Available": 15, "StationId": "1075", "Total": 40, "Datetime": "20150517192232"}, {"Available": 14, "StationId": "1075", "Total": 40, "Datetime": "20150517192532"}, {"Available": 13, "StationId": "1075", "Total": 40, "Datetime": "20150517193432"}, {"Available": 10, "StationId": "1075", "Total": 40, "Datetime": "20150517194932"}, {"Available": 8, "StationId": "1075", "Total": 40, "Datetime": "20150517195231"}, {"Available": 10, "StationId": "1075", "Total": 40, "Datetime": "20150517200431"}, {"Available": 11, "StationId": "1075", "Total": 40, "Datetime": "20150517200731"}, {"Available": 12, "StationId": "1075", "Total": 40, "Datetime": "20150517201031"}, {"Available": 15, "StationId": "1075", "Total": 40, "Datetime": "20150517201331"}, {"Available": 12, "StationId": "1075", "Total": 40, "Datetime": "20150517201631"}, {"Available": 13, "StationId": "1075", "Total": 40, "Datetime": "20150517201932"}, {"Available": 20, "StationId": "1075", "Total": 40, "Datetime": "20150517202232"}, {"Available": 19, "StationId": "1075", "Total": 40, "Datetime": "20150517203131"}, {"Available": 20, "StationId": "1075", "Total": 40, "Datetime": "20150517210131"}, {"Available": 21, "StationId": "1075", "Total": 40, "Datetime": "20150517210431"}, {"Available": 20, "StationId": "1075", "Total": 40, "Datetime": "20150517211731"}, {"Available": 21, "StationId": "1075", "Total": 40, "Datetime": "20150517212031"}, {"Available": 20, "StationId": "1075", "Total": 40, "Datetime": "20150517213231"}, {"Available": 22, "StationId": "1075", "Total": 40, "Datetime": "20150517214431"}, {"Available": 23, "StationId": "1075", "Total": 40, "Datetime": "20150517222331"}, {"Available": 24, "StationId": "1075", "Total": 40, "Datetime": "20150517223532"}, {"Available": 25, "StationId": "1075", "Total": 40, "Datetime": "20150517230232"}, {"Available": 26, "StationId": "1075", "Total": 40, "Datetime": "20150517230932"}, {"Available": 25, "StationId": "1075", "Total": 40, "Datetime": "20150517231532"}, {"Available": 26, "StationId": "1075", "Total": 40, "Datetime": "20150517233335"}], "StationId": "1075"}, {"Date": "20150518", "States": [{"Available": 26, "StationId": "1075", "Total": 40, "Datetime": "20150518000032"}, {"Available": 27, "StationId": "1075", "Total": 40, "Datetime": "20150518004832"}, {"Available": 28, "StationId": "1075", "Total": 40, "Datetime": "20150518005132"}, {"Available": 29, "StationId": "1075", "Total": 40, "Datetime": "20150518050830"}, {"Available": 28, "StationId": "1075", "Total": 40, "Datetime": "20150518054530"}, {"Available": 27, "StationId": "1075", "Total": 40, "Datetime": "20150518061229"}, {"Available": 26, "StationId": "1075", "Total": 40, "Datetime": "20150518062729"}, {"Available": 25, "StationId": "1075", "Total": 40, "Datetime": "20150518063029"}, {"Available": 24, "StationId": "1075", "Total": 40, "Datetime": "20150518063629"}, {"Available": 23, "StationId": "1075", "Total": 40, "Datetime": "20150518063929"}, {"Available": 22, "StationId": "1075", "Total": 40, "Datetime": "20150518064229"}, {"Available": 23, "StationId": "1075", "Total": 40, "Datetime": "20150518064529"}, {"Available": 21, "StationId": "1075", "Total": 40, "Datetime": "20150518070029"}, {"Available": 20, "StationId": "1075", "Total": 40, "Datetime": "20150518070629"}, {"Available": 19, "StationId": "1075", "Total": 40, "Datetime": "20150518071829"}, {"Available": 18, "StationId": "1075", "Total": 40, "Datetime": "20150518072129"}, {"Available": 17, "StationId": "1075", "Total": 40, "Datetime": "20150518073330"}, {"Available": 16, "StationId": "1075", "Total": 40, "Datetime": "20150518074929"}, {"Available": 15, "StationId": "1075", "Total": 40, "Datetime": "20150518081029"}, {"Available": 14, "StationId": "1075", "Total": 40, "Datetime": "20150518081329"}, {"Available": 13, "StationId": "1075", "Total": 40, "Datetime": "20150518082529"}, {"Available": 12, "StationId": "1075", "Total": 40, "Datetime": "20150518084630"}, {"Available": 11, "StationId": "1075", "Total": 40, "Datetime": "20150518085530"}, {"Available": 10, "StationId": "1075", "Total": 40, "Datetime": "20150518090129"}, {"Available": 9, "StationId": "1075", "Total": 40, "Datetime": "20150518092329"}, {"Available": 7, "StationId": "1075", "Total": 40, "Datetime": "20150518102429"}, {"Available": 8, "StationId": "1075", "Total": 40, "Datetime": "20150518103929"}, {"Available": 9, "StationId": "1075", "Total": 40, "Datetime": "20150518105129"}, {"Available": 10, "StationId": "1075", "Total": 40, "Datetime": "20150518110329"}, {"Available": 9, "StationId": "1075", "Total": 40, "Datetime": "20150518114929"}, {"Available": 10, "StationId": "1075", "Total": 40, "Datetime": "20150518120429"}, {"Available": 9, "StationId": "1075", "Total": 40, "Datetime": "20150518123229"}, {"Available": 10, "StationId": "1075", "Total": 40, "Datetime": "20150518144629"}, {"Available": 9, "StationId": "1075", "Total": 40, "Datetime": "20150518152529"}, {"Available": 8, "StationId": "1075", "Total": 40, "Datetime": "20150518154329"}, {"Available": 10, "StationId": "1075", "Total": 40, "Datetime": "20150518154729"}, {"Available": 8, "StationId": "1075", "Total": 40, "Datetime": "20150518155029"}, {"Available": 9, "StationId": "1075", "Total": 40, "Datetime": "20150518160529"}, {"Available": 8, "StationId": "1075", "Total": 40, "Datetime": "20150518161429"}, {"Available": 9, "StationId": "1075", "Total": 40, "Datetime": "20150518162029"}, {"Available": 7, "StationId": "1075", "Total": 40, "Datetime": "20150518162329"}, {"Available": 8, "StationId": "1075", "Total": 40, "Datetime": "20150518163229"}, {"Available": 12, "StationId": "1075", "Total": 40, "Datetime": "20150518164129"}, {"Available": 13, "StationId": "1075", "Total": 40, "Datetime": "20150518165128"}, {"Available": 12, "StationId": "1075", "Total": 40, "Datetime": "20150518165428"}, {"Available": 14, "StationId": "1075", "Total": 40, "Datetime": "20150518170629"}, {"Available": 13, "StationId": "1075", "Total": 40, "Datetime": "20150518170928"}, {"Available": 14, "StationId": "1075", "Total": 40, "Datetime": "20150518171829"}, {"Available": 15, "StationId": "1075", "Total": 40, "Datetime": "20150518172729"}, {"Available": 14, "StationId": "1075", "Total": 40, "Datetime": "20150518173029"}, {"Available": 15, "StationId": "1075", "Total": 40, "Datetime": "20150518173329"}, {"Available": 16, "StationId": "1075", "Total": 40, "Datetime": "20150518173629"}, {"Available": 14, "StationId": "1075", "Total": 40, "Datetime": "20150518174528"}, {"Available": 15, "StationId": "1075", "Total": 40, "Datetime": "20150518175428"}, {"Available": 14, "StationId": "1075", "Total": 40, "Datetime": "20150518180128"}, {"Available": 13, "StationId": "1075", "Total": 40, "Datetime": "20150518180328"}, {"Available": 16, "StationId": "1075", "Total": 40, "Datetime": "20150518180729"}, {"Available": 19, "StationId": "1075", "Total": 40, "Datetime": "20150518181629"}, {"Available": 20, "StationId": "1075", "Total": 40, "Datetime": "20150518182229"}, {"Available": 19, "StationId": "1075", "Total": 40, "Datetime": "20150518183129"}, {"Available": 18, "StationId": "1075", "Total": 40, "Datetime": "20150518184029"}, {"Available": 17, "StationId": "1075", "Total": 40, "Datetime": "20150518184329"}, {"Available": 16, "StationId": "1075", "Total": 40, "Datetime": "20150518185529"}, {"Available": 15, "StationId": "1075", "Total": 40, "Datetime": "20150518190129"}, {"Available": 16, "StationId": "1075", "Total": 40, "Datetime": "20150518190429"}, {"Available": 17, "StationId": "1075", "Total": 40, "Datetime": "20150518192029"}, {"Available": 18, "StationId": "1075", "Total": 40, "Datetime": "20150518192329"}, {"Available": 14, "StationId": "1075", "Total": 40, "Datetime": "20150518192629"}, {"Available": 15, "StationId": "1075", "Total": 40, "Datetime": "20150518193529"}, {"Available": 13, "StationId": "1075", "Total": 40, "Datetime": "20150518193829"}, {"Available": 18, "StationId": "1075", "Total": 40, "Datetime": "20150518194728"}, {"Available": 17, "StationId": "1075", "Total": 40, "Datetime": "20150518195328"}, {"Available": 15, "StationId": "1075", "Total": 40, "Datetime": "20150518195628"}, {"Available": 14, "StationId": "1075", "Total": 40, "Datetime": "20150518200528"}, {"Available": 13, "StationId": "1075", "Total": 40, "Datetime": "20150518201428"}, {"Available": 14, "StationId": "1075", "Total": 40, "Datetime": "20150518202028"}, {"Available": 13, "StationId": "1075", "Total": 40, "Datetime": "20150518202928"}, {"Available": 12, "StationId": "1075", "Total": 40, "Datetime": "20150518203228"}, {"Available": 11, "StationId": "1075", "Total": 40, "Datetime": "20150518204128"}, {"Available": 10, "StationId": "1075", "Total": 40, "Datetime": "20150518205128"}, {"Available": 11, "StationId": "1075", "Total": 40, "Datetime": "20150518210029"}, {"Available": 12, "StationId": "1075", "Total": 40, "Datetime": "20150518210628"}, {"Available": 13, "StationId": "1075", "Total": 40, "Datetime": "20150518210928"}, {"Available": 14, "StationId": "1075", "Total": 40, "Datetime": "20150518213028"}, {"Available": 16, "StationId": "1075", "Total": 40, "Datetime": "20150518213929"}, {"Available": 15, "StationId": "1075", "Total": 40, "Datetime": "20150518214229"}, {"Available": 16, "StationId": "1075", "Total": 40, "Datetime": "20150518214529"}, {"Available": 18, "StationId": "1075", "Total": 40, "Datetime": "20150518220933"}, {"Available": 20, "StationId": "1075", "Total": 40, "Datetime": "20150518223429"}, {"Available": 21, "StationId": "1075", "Total": 40, "Datetime": "20150518223729"}, {"Available": 22, "StationId": "1075", "Total": 40, "Datetime": "20150518225229"}, {"Available": 23, "StationId": "1075", "Total": 40, "Datetime": "20150518230729"}, {"Available": 24, "StationId": "1075", "Total": 40, "Datetime": "20150518231029"}, {"Available": 25, "StationId": "1075", "Total": 40, "Datetime": "20150518231329"}], "StationId": "1075"}, {"Date": "20150519", "States": [{"Available": 25, "StationId": "1075", "Total": 40, "Datetime": "20150519000129"}, {"Available": 26, "StationId": "1075", "Total": 40, "Datetime": "20150519003829"}, {"Available": 25, "StationId": "1075", "Total": 40, "Datetime": "20150519015330"}, {"Available": 24, "StationId": "1075", "Total": 40, "Datetime": "20150519020833"}, {"Available": 25, "StationId": "1075", "Total": 40, "Datetime": "20150519021131"}, {"Available": 24, "StationId": "1075", "Total": 40, "Datetime": "20150519033933"}, {"Available": 23, "StationId": "1075", "Total": 40, "Datetime": "20150519054616"}, {"Available": 22, "StationId": "1075", "Total": 40, "Datetime": "20150519061316"}, {"Available": 21, "StationId": "1075", "Total": 40, "Datetime": "20150519062816"}, {"Available": 20, "StationId": "1075", "Total": 40, "Datetime": "20150519063416"}, {"Available": 18, "StationId": "1075", "Total": 40, "Datetime": "20150519064019"}, {"Available": 17, "StationId": "1075", "Total": 40, "Datetime": "20150519064615"}, {"Available": 18, "StationId": "1075", "Total": 40, "Datetime": "20150519065215"}, {"Available": 17, "StationId": "1075", "Total": 40, "Datetime": "20150519065815"}, {"Available": 14, "StationId": "1075", "Total": 40, "Datetime": "20150519070115"}, {"Available": 13, "StationId": "1075", "Total": 40, "Datetime": "20150519070715"}, {"Available": 10, "StationId": "1075", "Total": 40, "Datetime": "20150519071015"}, {"Available": 9, "StationId": "1075", "Total": 40, "Datetime": "20150519071315"}, {"Available": 8, "StationId": "1075", "Total": 40, "Datetime": "20150519071615"}, {"Available": 7, "StationId": "1075", "Total": 40, "Datetime": "20150519072015"}, {"Available": 6, "StationId": "1075", "Total": 40, "Datetime": "20150519072315"}, {"Available": 5, "StationId": "1075", "Total": 40, "Datetime": "20150519072615"}, {"Available": 4, "StationId": "1075", "Total": 40, "Datetime": "20150519073215"}, {"Available": 3, "StationId": "1075", "Total": 40, "Datetime": "20150519073515"}, {"Available": 2, "StationId": "1075", "Total": 40, "Datetime": "20150519075615"}, {"Available": 1, "StationId": "1075", "Total": 40, "Datetime": "20150519075915"}, {"Available": 0, "StationId": "1075", "Total": 40, "Datetime": "20150519080215"}, {"Available": 1, "StationId": "1075", "Total": 40, "Datetime": "20150519083515"}, {"Available": 2, "StationId": "1075", "Total": 40, "Datetime": "20150519085315"}, {"Available": 3, "StationId": "1075", "Total": 40, "Datetime": "20150519090529"}, {"Available": 4, "StationId": "1075", "Total": 40, "Datetime": "20150519090915"}, {"Available": 3, "StationId": "1075", "Total": 40, "Datetime": "20150519091215"}, {"Available": 2, "StationId": "1075", "Total": 40, "Datetime": "20150519094815"}, {"Available": 1, "StationId": "1075", "Total": 40, "Datetime": "20150519100315"}, {"Available": 0, "StationId": "1075", "Total": 40, "Datetime": "20150519102215"}, {"Available": 6, "StationId": "1075", "Total": 40, "Datetime": "20150519105215"}, {"Available": 5, "StationId": "1075", "Total": 40, "Datetime": "20150519110115"}, {"Available": 7, "StationId": "1075", "Total": 40, "Datetime": "20150519111715"}, {"Available": 8, "StationId": "1075", "Total": 40, "Datetime": "20150519115315"}, {"Available": 9, "StationId": "1075", "Total": 40, "Datetime": "20150519115615"}, {"Available": 10, "StationId": "1075", "Total": 40, "Datetime": "20150519120527"}, {"Available": 11, "StationId": "1075", "Total": 40, "Datetime": "20150519121415"}, {"Available": 10, "StationId": "1075", "Total": 40, "Datetime": "20150519122052"}, {"Available": 11, "StationId": "1075", "Total": 40, "Datetime": "20150519122707"}, {"Available": 10, "StationId": "1075", "Total": 40, "Datetime": "20150519123712"}, {"Available": 9, "StationId": "1075", "Total": 40, "Datetime": "20150519124312"}, {"Available": 8, "StationId": "1075", "Total": 40, "Datetime": "20150519124612"}, {"Available": 7, "StationId": "1075", "Total": 40, "Datetime": "20150519124912"}, {"Available": 6, "StationId": "1075", "Total": 40, "Datetime": "20150519125812"}, {"Available": 7, "StationId": "1075", "Total": 40, "Datetime": "20150519130112"}, {"Available": 8, "StationId": "1075", "Total": 40, "Datetime": "20150519130412"}, {"Available": 7, "StationId": "1075", "Total": 40, "Datetime": "20150519131616"}, {"Available": 8, "StationId": "1075", "Total": 40, "Datetime": "20150519132216"}, {"Available": 7, "StationId": "1075", "Total": 40, "Datetime": "20150519140216"}, {"Available": 8, "StationId": "1075", "Total": 40, "Datetime": "20150519140816"}, {"Available": 9, "StationId": "1075", "Total": 40, "Datetime": "20150519141717"}, {"Available": 8, "StationId": "1075", "Total": 40, "Datetime": "20150519142917"}, {"Available": 7, "StationId": "1075", "Total": 40, "Datetime": "20150519143817"}, {"Available": 8, "StationId": "1075", "Total": 40, "Datetime": "20150519144417"}, {"Available": 7, "StationId": "1075", "Total": 40, "Datetime": "20150519151817"}, {"Available": 5, "StationId": "1075", "Total": 40, "Datetime": "20150519152717"}, {"Available": 4, "StationId": "1075", "Total": 40, "Datetime": "20150519153917"}, {"Available": 5, "StationId": "1075", "Total": 40, "Datetime": "20150519154517"}, {"Available": 7, "StationId": "1075", "Total": 40, "Datetime": "20150519154817"}, {"Available": 8, "StationId": "1075", "Total": 40, "Datetime": "20150519160017"}, {"Available": 10, "StationId": "1075", "Total": 40, "Datetime": "20150519161217"}, {"Available": 11, "StationId": "1075", "Total": 40, "Datetime": "20150519162216"}, {"Available": 12, "StationId": "1075", "Total": 40, "Datetime": "20150519162816"}, {"Available": 11, "StationId": "1075", "Total": 40, "Datetime": "20150519165216"}, {"Available": 12, "StationId": "1075", "Total": 40, "Datetime": "20150519165816"}, {"Available": 13, "StationId": "1075", "Total": 40, "Datetime": "20150519170416"}, {"Available": 12, "StationId": "1075", "Total": 40, "Datetime": "20150519171016"}, {"Available": 13, "StationId": "1075", "Total": 40, "Datetime": "20150519171416"}, {"Available": 12, "StationId": "1075", "Total": 40, "Datetime": "20150519172017"}, {"Available": 14, "StationId": "1075", "Total": 40, "Datetime": "20150519173216"}, {"Available": 11, "StationId": "1075", "Total": 40, "Datetime": "20150519173517"}, {"Available": 12, "StationId": "1075", "Total": 40, "Datetime": "20150519173816"}, {"Available": 13, "StationId": "1075", "Total": 40, "Datetime": "20150519174116"}, {"Available": 15, "StationId": "1075", "Total": 40, "Datetime": "20150519174417"}, {"Available": 14, "StationId": "1075", "Total": 40, "Datetime": "20150519175017"}, {"Available": 13, "StationId": "1075", "Total": 40, "Datetime": "20150519175316"}, {"Available": 12, "StationId": "1075", "Total": 40, "Datetime": "20150519175716"}, {"Available": 11, "StationId": "1075", "Total": 40, "Datetime": "20150519180016"}, {"Available": 10, "StationId": "1075", "Total": 40, "Datetime": "20150519181216"}, {"Available": 11, "StationId": "1075", "Total": 40, "Datetime": "20150519181516"}, {"Available": 12, "StationId": "1075", "Total": 40, "Datetime": "20150519182116"}, {"Available": 11, "StationId": "1075", "Total": 40, "Datetime": "20150519182416"}, {"Available": 12, "StationId": "1075", "Total": 40, "Datetime": "20150519183016"}, {"Available": 13, "StationId": "1075", "Total": 40, "Datetime": "20150519184216"}, {"Available": 14, "StationId": "1075", "Total": 40, "Datetime": "20150519184516"}, {"Available": 15, "StationId": "1075", "Total": 40, "Datetime": "20150519184816"}, {"Available": 12, "StationId": "1075", "Total": 40, "Datetime": "20150519185416"}, {"Available": 13, "StationId": "1075", "Total": 40, "Datetime": "20150519185716"}, {"Available": 11, "StationId": "1075", "Total": 40, "Datetime": "20150519190416"}, {"Available": 12, "StationId": "1075", "Total": 40, "Datetime": "20150519191316"}, {"Available": 11, "StationId": "1075", "Total": 40, "Datetime": "20150519191616"}, {"Available": 12, "StationId": "1075", "Total": 40, "Datetime": "20150519192816"}, {"Available": 10, "StationId": "1075", "Total": 40, "Datetime": "20150519193416"}, {"Available": 11, "StationId": "1075", "Total": 40, "Datetime": "20150519193716"}, {"Available": 12, "StationId": "1075", "Total": 40, "Datetime": "20150519194016"}, {"Available": 11, "StationId": "1075", "Total": 40, "Datetime": "20150519194316"}, {"Available": 12, "StationId": "1075", "Total": 40, "Datetime": "20150519194916"}, {"Available": 11, "StationId": "1075", "Total": 40, "Datetime": "20150519195216"}, {"Available": 13, "StationId": "1075", "Total": 40, "Datetime": "20150519195516"}, {"Available": 16, "StationId": "1075", "Total": 40, "Datetime": "20150519195816"}, {"Available": 15, "StationId": "1075", "Total": 40, "Datetime": "20150519200416"}, {"Available": 16, "StationId": "1075", "Total": 40, "Datetime": "20150519201916"}, {"Available": 17, "StationId": "1075", "Total": 40, "Datetime": "20150519202516"}, {"Available": 18, "StationId": "1075", "Total": 40, "Datetime": "20150519202816"}, {"Available": 17, "StationId": "1075", "Total": 40, "Datetime": "20150519203116"}, {"Available": 18, "StationId": "1075", "Total": 40, "Datetime": "20150519203816"}, {"Available": 17, "StationId": "1075", "Total": 40, "Datetime": "20150519205016"}, {"Available": 16, "StationId": "1075", "Total": 40, "Datetime": "20150519205916"}, {"Available": 17, "StationId": "1075", "Total": 40, "Datetime": "20150519210827"}, {"Available": 18, "StationId": "1075", "Total": 40, "Datetime": "20150519211116"}, {"Available": 19, "StationId": "1075", "Total": 40, "Datetime": "20150519211716"}, {"Available": 21, "StationId": "1075", "Total": 40, "Datetime": "20150519212616"}, {"Available": 20, "StationId": "1075", "Total": 40, "Datetime": "20150519213216"}, {"Available": 21, "StationId": "1075", "Total": 40, "Datetime": "20150519215016"}, {"Available": 22, "StationId": "1075", "Total": 40, "Datetime": "20150519220216"}, {"Available": 23, "StationId": "1075", "Total": 40, "Datetime": "20150519221116"}, {"Available": 24, "StationId": "1075", "Total": 40, "Datetime": "20150519221416"}, {"Available": 22, "StationId": "1075", "Total": 40, "Datetime": "20150519222316"}, {"Available": 23, "StationId": "1075", "Total": 40, "Datetime": "20150519222616"}, {"Available": 24, "StationId": "1075", "Total": 40, "Datetime": "20150519223016"}, {"Available": 25, "StationId": "1075", "Total": 40, "Datetime": "20150519224516"}, {"Available": 26, "StationId": "1075", "Total": 40, "Datetime": "20150519225416"}, {"Available": 27, "StationId": "1075", "Total": 40, "Datetime": "20150519233016"}, {"Available": 28, "StationId": "1075", "Total": 40, "Datetime": "20150519234216"}], "StationId": "1075"}, {"Date": "20150520", "States": [{"Available": 28, "StationId": "1075", "Total": 40, "Datetime": "20150520000016"}, {"Available": 27, "StationId": "1075", "Total": 40, "Datetime": "20150520053615"}, {"Available": 28, "StationId": "1075", "Total": 40, "Datetime": "20150520054515"}, {"Available": 27, "StationId": "1075", "Total": 40, "Datetime": "20150520054815"}, {"Available": 26, "StationId": "1075", "Total": 40, "Datetime": "20150520082514"}, {"Available": 25, "StationId": "1075", "Total": 40, "Datetime": "20150520092614"}, {"Available": 24, "StationId": "1075", "Total": 40, "Datetime": "20150520093914"}, {"Available": 25, "StationId": "1075", "Total": 40, "Datetime": "20150520142314"}, {"Available": 27, "StationId": "1075", "Total": 40, "Datetime": "20150520163814"}, {"Available": 29, "StationId": "1075", "Total": 40, "Datetime": "20150520171114"}, {"Available": 28, "StationId": "1075", "Total": 40, "Datetime": "20150520172014"}, {"Available": 27, "StationId": "1075", "Total": 40, "Datetime": "20150520172314"}, {"Available": 26, "StationId": "1075", "Total": 40, "Datetime": "20150520173014"}, {"Available": 27, "StationId": "1075", "Total": 40, "Datetime": "20150520173514"}, {"Available": 28, "StationId": "1075", "Total": 40, "Datetime": "20150520174214"}, {"Available": 29, "StationId": "1075", "Total": 40, "Datetime": "20150520181214"}, {"Available": 30, "StationId": "1075", "Total": 40, "Datetime": "20150520181814"}, {"Available": 31, "StationId": "1075", "Total": 40, "Datetime": "20150520182214"}, {"Available": 32, "StationId": "1075", "Total": 40, "Datetime": "20150520185514"}, {"Available": 31, "StationId": "1075", "Total": 40, "Datetime": "20150520185814"}, {"Available": 32, "StationId": "1075", "Total": 40, "Datetime": "20150520192814"}, {"Available": 28, "StationId": "1075", "Total": 40, "Datetime": "20150520194314"}, {"Available": 24, "StationId": "1075", "Total": 40, "Datetime": "20150520194614"}, {"Available": 22, "StationId": "1075", "Total": 40, "Datetime": "20150520194914"}, {"Available": 21, "StationId": "1075", "Total": 40, "Datetime": "20150520200414"}, {"Available": 20, "StationId": "1075", "Total": 40, "Datetime": "20150520201714"}, {"Available": 19, "StationId": "1075", "Total": 40, "Datetime": "20150520211414"}, {"Available": 20, "StationId": "1075", "Total": 40, "Datetime": "20150520211714"}, {"Available": 21, "StationId": "1075", "Total": 40, "Datetime": "20150520214114"}, {"Available": 20, "StationId": "1075", "Total": 40, "Datetime": "20150520214514"}, {"Available": 21, "StationId": "1075", "Total": 40, "Datetime": "20150520220914"}, {"Available": 22, "StationId": "1075", "Total": 40, "Datetime": "20150520221214"}, {"Available": 23, "StationId": "1075", "Total": 40, "Datetime": "20150520225114"}], "StationId": "1075"}, {"Date": "20150521", "States": [{"Available": 23, "StationId": "1075", "Total": 40, "Datetime": "20150521000114"}, {"Available": 24, "StationId": "1075", "Total": 40, "Datetime": "20150521000714"}, {"Available": 22, "StationId": "1075", "Total": 40, "Datetime": "20150521005214"}, {"Available": 20, "StationId": "1075", "Total": 40, "Datetime": "20150521005514"}, {"Available": 19, "StationId": "1075", "Total": 40, "Datetime": "20150521054917"}, {"Available": 18, "StationId": "1075", "Total": 40, "Datetime": "20150521055817"}, {"Available": 17, "StationId": "1075", "Total": 40, "Datetime": "20150521061017"}, {"Available": 16, "StationId": "1075", "Total": 40, "Datetime": "20150521062517"}, {"Available": 14, "StationId": "1075", "Total": 40, "Datetime": "20150521063117"}, {"Available": 13, "StationId": "1075", "Total": 40, "Datetime": "20150521063417"}, {"Available": 12, "StationId": "1075", "Total": 40, "Datetime": "20150521065517"}, {"Available": 11, "StationId": "1075", "Total": 40, "Datetime": "20150521070717"}, {"Available": 10, "StationId": "1075", "Total": 40, "Datetime": "20150521071317"}, {"Available": 9, "StationId": "1075", "Total": 40, "Datetime": "20150521073817"}, {"Available": 8, "StationId": "1075", "Total": 40, "Datetime": "20150521081117"}, {"Available": 7, "StationId": "1075", "Total": 40, "Datetime": "20150521081717"}, {"Available": 6, "StationId": "1075", "Total": 40, "Datetime": "20150521084501"}, {"Available": 3, "StationId": "1075", "Total": 40, "Datetime": "20150521085717"}, {"Available": 2, "StationId": "1075", "Total": 40, "Datetime": "20150521091216"}, {"Available": 1, "StationId": "1075", "Total": 40, "Datetime": "20150521093016"}, {"Available": 0, "StationId": "1075", "Total": 40, "Datetime": "20150521093616"}, {"Available": 1, "StationId": "1075", "Total": 40, "Datetime": "20150521094216"}, {"Available": 2, "StationId": "1075", "Total": 40, "Datetime": "20150521100116"}, {"Available": 5, "StationId": "1075", "Total": 40, "Datetime": "20150521100416"}, {"Available": 4, "StationId": "1075", "Total": 40, "Datetime": "20150521112316"}, {"Available": 3, "StationId": "1075", "Total": 40, "Datetime": "20150521120616"}, {"Available": 2, "StationId": "1075", "Total": 40, "Datetime": "20150521121516"}, {"Available": 3, "StationId": "1075", "Total": 40, "Datetime": "20150521122216"}, {"Available": 4, "StationId": "1075", "Total": 40, "Datetime": "20150521122516"}, {"Available": 3, "StationId": "1075", "Total": 40, "Datetime": "20150521123416"}, {"Available": 4, "StationId": "1075", "Total": 40, "Datetime": "20150521123716"}, {"Available": 3, "StationId": "1075", "Total": 40, "Datetime": "20150521124917"}, {"Available": 4, "StationId": "1075", "Total": 40, "Datetime": "20150521125217"}, {"Available": 5, "StationId": "1075", "Total": 40, "Datetime": "20150521131316"}, {"Available": 6, "StationId": "1075", "Total": 40, "Datetime": "20150521133816"}, {"Available": 5, "StationId": "1075", "Total": 40, "Datetime": "20150521140516"}, {"Available": 7, "StationId": "1075", "Total": 40, "Datetime": "20150521141816"}, {"Available": 6, "StationId": "1075", "Total": 40, "Datetime": "20150521143916"}, {"Available": 7, "StationId": "1075", "Total": 40, "Datetime": "20150521161716"}, {"Available": 8, "StationId": "1075", "Total": 40, "Datetime": "20150521165616"}, {"Available": 7, "StationId": "1075", "Total": 40, "Datetime": "20150521170216"}, {"Available": 5, "StationId": "1075", "Total": 40, "Datetime": "20150521170516"}, {"Available": 4, "StationId": "1075", "Total": 40, "Datetime": "20150521170916"}, {"Available": 5, "StationId": "1075", "Total": 40, "Datetime": "20150521172716"}, {"Available": 4, "StationId": "1075", "Total": 40, "Datetime": "20150521173616"}, {"Available": 5, "StationId": "1075", "Total": 40, "Datetime": "20150521173916"}, {"Available": 6, "StationId": "1075", "Total": 40, "Datetime": "20150521174516"}, {"Available": 8, "StationId": "1075", "Total": 40, "Datetime": "20150521174816"}, {"Available": 9, "StationId": "1075", "Total": 40, "Datetime": "20150521180616"}, {"Available": 10, "StationId": "1075", "Total": 40, "Datetime": "20150521181216"}, {"Available": 11, "StationId": "1075", "Total": 40, "Datetime": "20150521181517"}, {"Available": 14, "StationId": "1075", "Total": 40, "Datetime": "20150521183416"}, {"Available": 13, "StationId": "1075", "Total": 40, "Datetime": "20150521183716"}, {"Available": 14, "StationId": "1075", "Total": 40, "Datetime": "20150521184316"}, {"Available": 15, "StationId": "1075", "Total": 40, "Datetime": "20150521184616"}, {"Available": 14, "StationId": "1075", "Total": 40, "Datetime": "20150521184916"}, {"Available": 15, "StationId": "1075", "Total": 40, "Datetime": "20150521190116"}, {"Available": 16, "StationId": "1075", "Total": 40, "Datetime": "20150521190716"}, {"Available": 17, "StationId": "1075", "Total": 40, "Datetime": "20150521191316"}, {"Available": 14, "StationId": "1075", "Total": 40, "Datetime": "20150521191616"}, {"Available": 15, "StationId": "1075", "Total": 40, "Datetime": "20150521193416"}, {"Available": 16, "StationId": "1075", "Total": 40, "Datetime": "20150521193717"}, {"Available": 19, "StationId": "1075", "Total": 40, "Datetime": "20150521194416"}, {"Available": 20, "StationId": "1075", "Total": 40, "Datetime": "20150521195316"}, {"Available": 21, "StationId": "1075", "Total": 40, "Datetime": "20150521195916"}, {"Available": 22, "StationId": "1075", "Total": 40, "Datetime": "20150521200516"}, {"Available": 21, "StationId": "1075", "Total": 40, "Datetime": "20150521201716"}, {"Available": 22, "StationId": "1075", "Total": 40, "Datetime": "20150521202016"}, {"Available": 21, "StationId": "1075", "Total": 40, "Datetime": "20150521202616"}, {"Available": 22, "StationId": "1075", "Total": 40, "Datetime": "20150521203216"}, {"Available": 21, "StationId": "1075", "Total": 40, "Datetime": "20150521203516"}, {"Available": 22, "StationId": "1075", "Total": 40, "Datetime": "20150521204116"}, {"Available": 23, "StationId": "1075", "Total": 40, "Datetime": "20150521205016"}, {"Available": 24, "StationId": "1075", "Total": 40, "Datetime": "20150521205616"}, {"Available": 25, "StationId": "1075", "Total": 40, "Datetime": "20150521205916"}, {"Available": 24, "StationId": "1075", "Total": 40, "Datetime": "20150521210516"}, {"Available": 26, "StationId": "1075", "Total": 40, "Datetime": "20150521210816"}, {"Available": 25, "StationId": "1075", "Total": 40, "Datetime": "20150521211116"}, {"Available": 26, "StationId": "1075", "Total": 40, "Datetime": "20150521211816"}, {"Available": 27, "StationId": "1075", "Total": 40, "Datetime": "20150521212715"}, {"Available": 28, "StationId": "1075", "Total": 40, "Datetime": "20150521213616"}, {"Available": 29, "StationId": "1075", "Total": 40, "Datetime": "20150521213916"}, {"Available": 30, "StationId": "1075", "Total": 40, "Datetime": "20150521220016"}, {"Available": 32, "StationId": "1075", "Total": 40, "Datetime": "20150521220916"}, {"Available": 33, "StationId": "1075", "Total": 40, "Datetime": "20150521223016"}, {"Available": 34, "StationId": "1075", "Total": 40, "Datetime": "20150521224816"}, {"Available": 35, "StationId": "1075", "Total": 40, "Datetime": "20150521225116"}, {"Available": 34, "StationId": "1075", "Total": 40, "Datetime": "20150521225416"}, {"Available": 35, "StationId": "1075", "Total": 40, "Datetime": "20150521225716"}, {"Available": 23, "StationId": "1075", "Total": 40, "Datetime": "20150521232816"}, {"Available": 21, "StationId": "1075", "Total": 40, "Datetime": "20150521233116"}, {"Available": 23, "StationId": "1075", "Total": 40, "Datetime": "20150521234916"}, {"Available": 24, "StationId": "1075", "Total": 40, "Datetime": "20150521235816"}], "StationId": "1075"}, {"Date": "20150522", "States": [{"Available": 24, "StationId": "1075", "Total": 40, "Datetime": "20150522000116"}, {"Available": 25, "StationId": "1075", "Total": 40, "Datetime": "20150522002816"}, {"Available": 24, "StationId": "1075", "Total": 40, "Datetime": "20150522054928"}, {"Available": 23, "StationId": "1075", "Total": 40, "Datetime": "20150522060728"}, {"Available": 22, "StationId": "1075", "Total": 40, "Datetime": "20150522062827"}, {"Available": 21, "StationId": "1075", "Total": 40, "Datetime": "20150522063127"}, {"Available": 19, "StationId": "1075", "Total": 40, "Datetime": "20150522063727"}, {"Available": 18, "StationId": "1075", "Total": 40, "Datetime": "20150522071427"}, {"Available": 17, "StationId": "1075", "Total": 40, "Datetime": "20150522072027"}, {"Available": 16, "StationId": "1075", "Total": 40, "Datetime": "20150522073827"}, {"Available": 15, "StationId": "1075", "Total": 40, "Datetime": "20150522074127"}, {"Available": 14, "StationId": "1075", "Total": 40, "Datetime": "20150522074427"}, {"Available": 13, "StationId": "1075", "Total": 40, "Datetime": "20150522074727"}, {"Available": 12, "StationId": "1075", "Total": 40, "Datetime": "20150522075327"}, {"Available": 10, "StationId": "1075", "Total": 40, "Datetime": "20150522075927"}, {"Available": 9, "StationId": "1075", "Total": 40, "Datetime": "20150522081128"}, {"Available": 7, "StationId": "1075", "Total": 40, "Datetime": "20150522082327"}, {"Available": 3, "StationId": "1075", "Total": 40, "Datetime": "20150522083327"}, {"Available": 2, "StationId": "1075", "Total": 40, "Datetime": "20150522084600"}, {"Available": 1, "StationId": "1075", "Total": 40, "Datetime": "20150522090527"}, {"Available": 0, "StationId": "1075", "Total": 40, "Datetime": "20150522091828"}, {"Available": 1, "StationId": "1075", "Total": 40, "Datetime": "20150522095228"}, {"Available": 4, "StationId": "1075", "Total": 40, "Datetime": "20150522095328"}, {"Available": 9, "StationId": "1075", "Total": 40, "Datetime": "20150522095827"}, {"Available": 7, "StationId": "1075", "Total": 40, "Datetime": "20150522100127"}, {"Available": 6, "StationId": "1075", "Total": 40, "Datetime": "20150522100427"}, {"Available": 8, "StationId": "1075", "Total": 40, "Datetime": "20150522100727"}, {"Available": 7, "StationId": "1075", "Total": 40, "Datetime": "20150522101628"}, {"Available": 6, "StationId": "1075", "Total": 40, "Datetime": "20150522103828"}, {"Available": 5, "StationId": "1075", "Total": 40, "Datetime": "20150522104128"}, {"Available": 7, "StationId": "1075", "Total": 40, "Datetime": "20150522104427"}, {"Available": 6, "StationId": "1075", "Total": 40, "Datetime": "20150522104728"}, {"Available": 7, "StationId": "1075", "Total": 40, "Datetime": "20150522105927"}, {"Available": 6, "StationId": "1075", "Total": 40, "Datetime": "20150522111127"}, {"Available": 9, "StationId": "1075", "Total": 40, "Datetime": "20150522111427"}, {"Available": 10, "StationId": "1075", "Total": 40, "Datetime": "20150522112127"}, {"Available": 9, "StationId": "1075", "Total": 40, "Datetime": "20150522113327"}, {"Available": 10, "StationId": "1075", "Total": 40, "Datetime": "20150522115127"}, {"Available": 11, "StationId": "1075", "Total": 40, "Datetime": "20150522115427"}, {"Available": 10, "StationId": "1075", "Total": 40, "Datetime": "20150522120927"}, {"Available": 9, "StationId": "1075", "Total": 40, "Datetime": "20150522135927"}, {"Available": 8, "StationId": "1075", "Total": 40, "Datetime": "20150522140627"}, {"Available": 7, "StationId": "1075", "Total": 40, "Datetime": "20150522145827"}, {"Available": 6, "StationId": "1075", "Total": 40, "Datetime": "20150522151327"}, {"Available": 7, "StationId": "1075", "Total": 40, "Datetime": "20150522152227"}, {"Available": 6, "StationId": "1075", "Total": 40, "Datetime": "20150522154127"}, {"Available": 7, "StationId": "1075", "Total": 40, "Datetime": "20150522155027"}, {"Available": 8, "StationId": "1075", "Total": 40, "Datetime": "20150522155627"}, {"Available": 9, "StationId": "1075", "Total": 40, "Datetime": "20150522161127"}, {"Available": 10, "StationId": "1075", "Total": 40, "Datetime": "20150522161427"}, {"Available": 11, "StationId": "1075", "Total": 40, "Datetime": "20150522161727"}, {"Available": 12, "StationId": "1075", "Total": 40, "Datetime": "20150522163640"}, {"Available": 11, "StationId": "1075", "Total": 40, "Datetime": "20150522170927"}, {"Available": 12, "StationId": "1075", "Total": 40, "Datetime": "20150522171527"}, {"Available": 13, "StationId": "1075", "Total": 40, "Datetime": "20150522172245"}, {"Available": 14, "StationId": "1075", "Total": 40, "Datetime": "20150522173727"}, {"Available": 16, "StationId": "1075", "Total": 40, "Datetime": "20150522174027"}, {"Available": 19, "StationId": "1075", "Total": 40, "Datetime": "20150522174327"}, {"Available": 18, "StationId": "1075", "Total": 40, "Datetime": "20150522174927"}, {"Available": 19, "StationId": "1075", "Total": 40, "Datetime": "20150522175227"}, {"Available": 20, "StationId": "1075", "Total": 40, "Datetime": "20150522175527"}, {"Available": 19, "StationId": "1075", "Total": 40, "Datetime": "20150522181027"}, {"Available": 20, "StationId": "1075", "Total": 40, "Datetime": "20150522181327"}, {"Available": 18, "StationId": "1075", "Total": 40, "Datetime": "20150522181627"}, {"Available": 17, "StationId": "1075", "Total": 40, "Datetime": "20150522181927"}, {"Available": 16, "StationId": "1075", "Total": 40, "Datetime": "20150522182227"}, {"Available": 15, "StationId": "1075", "Total": 40, "Datetime": "20150522184427"}, {"Available": 16, "StationId": "1075", "Total": 40, "Datetime": "20150522185027"}, {"Available": 14, "StationId": "1075", "Total": 40, "Datetime": "20150522185927"}, {"Available": 15, "StationId": "1075", "Total": 40, "Datetime": "20150522190527"}, {"Available": 14, "StationId": "1075", "Total": 40, "Datetime": "20150522191427"}, {"Available": 15, "StationId": "1075", "Total": 40, "Datetime": "20150522191727"}, {"Available": 16, "StationId": "1075", "Total": 40, "Datetime": "20150522193227"}, {"Available": 17, "StationId": "1075", "Total": 40, "Datetime": "20150522193527"}, {"Available": 19, "StationId": "1075", "Total": 40, "Datetime": "20150522193827"}, {"Available": 21, "StationId": "1075", "Total": 40, "Datetime": "20150522194127"}, {"Available": 20, "StationId": "1075", "Total": 40, "Datetime": "20150522194427"}, {"Available": 19, "StationId": "1075", "Total": 40, "Datetime": "20150522194728"}, {"Available": 20, "StationId": "1075", "Total": 40, "Datetime": "20150522195027"}, {"Available": 21, "StationId": "1075", "Total": 40, "Datetime": "20150522195728"}, {"Available": 22, "StationId": "1075", "Total": 40, "Datetime": "20150522200627"}, {"Available": 21, "StationId": "1075", "Total": 40, "Datetime": "20150522202127"}, {"Available": 22, "StationId": "1075", "Total": 40, "Datetime": "20150522204527"}, {"Available": 21, "StationId": "1075", "Total": 40, "Datetime": "20150522205427"}, {"Available": 20, "StationId": "1075", "Total": 40, "Datetime": "20150522205727"}, {"Available": 19, "StationId": "1075", "Total": 40, "Datetime": "20150522210027"}, {"Available": 20, "StationId": "1075", "Total": 40, "Datetime": "20150522210727"}, {"Available": 19, "StationId": "1075", "Total": 40, "Datetime": "20150522211327"}, {"Available": 20, "StationId": "1075", "Total": 40, "Datetime": "20150522211927"}, {"Available": 21, "StationId": "1075", "Total": 40, "Datetime": "20150522212527"}, {"Available": 22, "StationId": "1075", "Total": 40, "Datetime": "20150522214627"}, {"Available": 23, "StationId": "1075", "Total": 40, "Datetime": "20150522214927"}, {"Available": 22, "StationId": "1075", "Total": 40, "Datetime": "20150522221927"}, {"Available": 23, "StationId": "1075", "Total": 40, "Datetime": "20150522224027"}, {"Available": 24, "StationId": "1075", "Total": 40, "Datetime": "20150522233227"}], "StationId": "1075"}, {"Date": "20150523", "States": [{"Available": 24, "StationId": "1075", "Total": 40, "Datetime": "20150523000227"}, {"Available": 25, "StationId": "1075", "Total": 40, "Datetime": "20150523001727"}, {"Available": 24, "StationId": "1075", "Total": 40, "Datetime": "20150523063229"}, {"Available": 23, "StationId": "1075", "Total": 40, "Datetime": "20150523075429"}, {"Available": 22, "StationId": "1075", "Total": 40, "Datetime": "20150523080029"}, {"Available": 21, "StationId": "1075", "Total": 40, "Datetime": "20150523080929"}, {"Available": 20, "StationId": "1075", "Total": 40, "Datetime": "20150523084229"}, {"Available": 18, "StationId": "1075", "Total": 40, "Datetime": "20150523085129"}, {"Available": 17, "StationId": "1075", "Total": 40, "Datetime": "20150523090029"}, {"Available": 16, "StationId": "1075", "Total": 40, "Datetime": "20150523092129"}, {"Available": 15, "StationId": "1075", "Total": 40, "Datetime": "20150523093028"}, {"Available": 16, "StationId": "1075", "Total": 40, "Datetime": "20150523094328"}, {"Available": 15, "StationId": "1075", "Total": 40, "Datetime": "20150523094628"}, {"Available": 16, "StationId": "1075", "Total": 40, "Datetime": "20150523095228"}, {"Available": 15, "StationId": "1075", "Total": 40, "Datetime": "20150523095528"}, {"Available": 16, "StationId": "1075", "Total": 40, "Datetime": "20150523100728"}, {"Available": 14, "StationId": "1075", "Total": 40, "Datetime": "20150523101029"}, {"Available": 15, "StationId": "1075", "Total": 40, "Datetime": "20150523101929"}, {"Available": 16, "StationId": "1075", "Total": 40, "Datetime": "20150523102229"}, {"Available": 15, "StationId": "1075", "Total": 40, "Datetime": "20150523102529"}, {"Available": 14, "StationId": "1075", "Total": 40, "Datetime": "20150523103429"}, {"Available": 11, "StationId": "1075", "Total": 40, "Datetime": "20150523103728"}, {"Available": 10, "StationId": "1075", "Total": 40, "Datetime": "20150523104628"}, {"Available": 9, "StationId": "1075", "Total": 40, "Datetime": "20150523105528"}, {"Available": 10, "StationId": "1075", "Total": 40, "Datetime": "20150523110429"}, {"Available": 9, "StationId": "1075", "Total": 40, "Datetime": "20150523111328"}, {"Available": 10, "StationId": "1075", "Total": 40, "Datetime": "20150523111628"}, {"Available": 9, "StationId": "1075", "Total": 40, "Datetime": "20150523111929"}, {"Available": 7, "StationId": "1075", "Total": 40, "Datetime": "20150523112228"}, {"Available": 6, "StationId": "1075", "Total": 40, "Datetime": "20150523112529"}, {"Available": 5, "StationId": "1075", "Total": 40, "Datetime": "20150523113229"}, {"Available": 3, "StationId": "1075", "Total": 40, "Datetime": "20150523113829"}, {"Available": 2, "StationId": "1075", "Total": 40, "Datetime": "20150523114428"}, {"Available": 0, "StationId": "1075", "Total": 40, "Datetime": "20150523114728"}, {"Available": 1, "StationId": "1075", "Total": 40, "Datetime": "20150523115328"}, {"Available": 2, "StationId": "1075", "Total": 40, "Datetime": "20150523115628"}, {"Available": 3, "StationId": "1075", "Total": 40, "Datetime": "20150523120828"}, {"Available": 2, "StationId": "1075", "Total": 40, "Datetime": "20150523121159"}, {"Available": 0, "StationId": "1075", "Total": 40, "Datetime": "20150523121428"}, {"Available": 6, "StationId": "1075", "Total": 40, "Datetime": "20150523123528"}, {"Available": 14, "StationId": "1075", "Total": 40, "Datetime": "20150523123828"}, {"Available": 13, "StationId": "1075", "Total": 40, "Datetime": "20150523124128"}, {"Available": 12, "StationId": "1075", "Total": 40, "Datetime": "20150523124728"}, {"Available": 11, "StationId": "1075", "Total": 40, "Datetime": "20150523125328"}, {"Available": 10, "StationId": "1075", "Total": 40, "Datetime": "20150523130529"}, {"Available": 8, "StationId": "1075", "Total": 40, "Datetime": "20150523131229"}, {"Available": 9, "StationId": "1075", "Total": 40, "Datetime": "20150523131829"}, {"Available": 11, "StationId": "1075", "Total": 40, "Datetime": "20150523132729"}, {"Available": 12, "StationId": "1075", "Total": 40, "Datetime": "20150523133329"}, {"Available": 13, "StationId": "1075", "Total": 40, "Datetime": "20150523145229"}, {"Available": 14, "StationId": "1075", "Total": 40, "Datetime": "20150523151329"}, {"Available": 15, "StationId": "1075", "Total": 40, "Datetime": "20150523152828"}, {"Available": 16, "StationId": "1075", "Total": 40, "Datetime": "20150523153128"}, {"Available": 17, "StationId": "1075", "Total": 40, "Datetime": "20150523154329"}, {"Available": 18, "StationId": "1075", "Total": 40, "Datetime": "20150523154928"}, {"Available": 19, "StationId": "1075", "Total": 40, "Datetime": "20150523164728"}, {"Available": 20, "StationId": "1075", "Total": 40, "Datetime": "20150523170528"}, {"Available": 21, "StationId": "1075", "Total": 40, "Datetime": "20150523182128"}, {"Available": 19, "StationId": "1075", "Total": 40, "Datetime": "20150523190628"}, {"Available": 20, "StationId": "1075", "Total": 40, "Datetime": "20150523190928"}, {"Available": 21, "StationId": "1075", "Total": 40, "Datetime": "20150523192128"}, {"Available": 20, "StationId": "1075", "Total": 40, "Datetime": "20150523193928"}, {"Available": 21, "StationId": "1075", "Total": 40, "Datetime": "20150523202828"}, {"Available": 22, "StationId": "1075", "Total": 40, "Datetime": "20150523224428"}, {"Available": 23, "StationId": "1075", "Total": 40, "Datetime": "20150523225328"}], "StationId": "1075"}, {"Date": "20150524", "States": [{"Available": 23, "StationId": "1075", "Total": 40, "Datetime": "20150524000228"}, {"Available": 24, "StationId": "1075", "Total": 40, "Datetime": "20150524004228"}, {"Available": 25, "StationId": "1075", "Total": 40, "Datetime": "20150524004534"}, {"Available": 24, "StationId": "1075", "Total": 40, "Datetime": "20150524080943"}, {"Available": 23, "StationId": "1075", "Total": 40, "Datetime": "20150524090043"}, {"Available": 22, "StationId": "1075", "Total": 40, "Datetime": "20150524091543"}, {"Available": 21, "StationId": "1075", "Total": 40, "Datetime": "20150524091843"}, {"Available": 22, "StationId": "1075", "Total": 40, "Datetime": "20150524092443"}, {"Available": 23, "StationId": "1075", "Total": 40, "Datetime": "20150524093043"}, {"Available": 24, "StationId": "1075", "Total": 40, "Datetime": "20150524093343"}, {"Available": 23, "StationId": "1075", "Total": 40, "Datetime": "20150524093943"}, {"Available": 24, "StationId": "1075", "Total": 40, "Datetime": "20150524094543"}, {"Available": 23, "StationId": "1075", "Total": 40, "Datetime": "20150524101943"}, {"Available": 22, "StationId": "1075", "Total": 40, "Datetime": "20150524103743"}, {"Available": 23, "StationId": "1075", "Total": 40, "Datetime": "20150524111643"}, {"Available": 21, "StationId": "1075", "Total": 40, "Datetime": "20150524112843"}, {"Available": 19, "StationId": "1075", "Total": 40, "Datetime": "20150524114343"}, {"Available": 17, "StationId": "1075", "Total": 40, "Datetime": "20150524121344"}, {"Available": 16, "StationId": "1075", "Total": 40, "Datetime": "20150524123844"}, {"Available": 17, "StationId": "1075", "Total": 40, "Datetime": "20150524131443"}, {"Available": 16, "StationId": "1075", "Total": 40, "Datetime": "20150524141444"}, {"Available": 15, "StationId": "1075", "Total": 40, "Datetime": "20150524142944"}, {"Available": 16, "StationId": "1075", "Total": 40, "Datetime": "20150524153044"}, {"Available": 17, "StationId": "1075", "Total": 40, "Datetime": "20150524155443"}, {"Available": 16, "StationId": "1075", "Total": 40, "Datetime": "20150524155743"}, {"Available": 15, "StationId": "1075", "Total": 40, "Datetime": "20150524160343"}, {"Available": 14, "StationId": "1075", "Total": 40, "Datetime": "20150524160943"}, {"Available": 12, "StationId": "1075", "Total": 40, "Datetime": "20150524161243"}, {"Available": 11, "StationId": "1075", "Total": 40, "Datetime": "20150524161543"}, {"Available": 13, "StationId": "1075", "Total": 40, "Datetime": "20150524162743"}, {"Available": 10, "StationId": "1075", "Total": 40, "Datetime": "20150524163343"}, {"Available": 13, "StationId": "1075", "Total": 40, "Datetime": "20150524163944"}, {"Available": 14, "StationId": "1075", "Total": 40, "Datetime": "20150524164543"}, {"Available": 15, "StationId": "1075", "Total": 40, "Datetime": "20150524164843"}, {"Available": 14, "StationId": "1075", "Total": 40, "Datetime": "20150524165443"}, {"Available": 13, "StationId": "1075", "Total": 40, "Datetime": "20150524170143"}, {"Available": 14, "StationId": "1075", "Total": 40, "Datetime": "20150524171044"}, {"Available": 15, "StationId": "1075", "Total": 40, "Datetime": "20150524171344"}, {"Available": 17, "StationId": "1075", "Total": 40, "Datetime": "20150524171644"}, {"Available": 16, "StationId": "1075", "Total": 40, "Datetime": "20150524172543"}, {"Available": 17, "StationId": "1075", "Total": 40, "Datetime": "20150524172843"}, {"Available": 18, "StationId": "1075", "Total": 40, "Datetime": "20150524173443"}, {"Available": 17, "StationId": "1075", "Total": 40, "Datetime": "20150524173743"}, {"Available": 19, "StationId": "1075", "Total": 40, "Datetime": "20150524174343"}, {"Available": 20, "StationId": "1075", "Total": 40, "Datetime": "20150524191043"}, {"Available": 21, "StationId": "1075", "Total": 40, "Datetime": "20150524192643"}, {"Available": 22, "StationId": "1075", "Total": 40, "Datetime": "20150524200543"}, {"Available": 23, "StationId": "1075", "Total": 40, "Datetime": "20150524200843"}, {"Available": 22, "StationId": "1075", "Total": 40, "Datetime": "20150524204143"}, {"Available": 23, "StationId": "1075", "Total": 40, "Datetime": "20150524210243"}, {"Available": 24, "StationId": "1075", "Total": 40, "Datetime": "20150524211143"}, {"Available": 25, "StationId": "1075", "Total": 40, "Datetime": "20150524211443"}, {"Available": 26, "StationId": "1075", "Total": 40, "Datetime": "20150524212343"}, {"Available": 27, "StationId": "1075", "Total": 40, "Datetime": "20150524212743"}, {"Available": 28, "StationId": "1075", "Total": 40, "Datetime": "20150524225443"}, {"Available": 26, "StationId": "1075", "Total": 40, "Datetime": "20150524232743"}], "StationId": "1075"}, {"Date": "20150525", "States": [{"Available": 26, "StationId": "1075", "Total": 40, "Datetime": "20150525000143"}, {"Available": 27, "StationId": "1075", "Total": 40, "Datetime": "20150525002843"}, {"Available": 26, "StationId": "1075", "Total": 40, "Datetime": "20150525055727"}, {"Available": 25, "StationId": "1075", "Total": 40, "Datetime": "20150525063127"}, {"Available": 27, "StationId": "1075", "Total": 40, "Datetime": "20150525070126"}, {"Available": 28, "StationId": "1075", "Total": 40, "Datetime": "20150525071326"}, {"Available": 27, "StationId": "1075", "Total": 40, "Datetime": "20150525071626"}, {"Available": 28, "StationId": "1075", "Total": 40, "Datetime": "20150525072826"}, {"Available": 27, "StationId": "1075", "Total": 40, "Datetime": "20150525074326"}, {"Available": 26, "StationId": "1075", "Total": 40, "Datetime": "20150525074926"}, {"Available": 23, "StationId": "1075", "Total": 40, "Datetime": "20150525080126"}, {"Available": 22, "StationId": "1075", "Total": 40, "Datetime": "20150525083227"}, {"Available": 21, "StationId": "1075", "Total": 40, "Datetime": "20150525100327"}, {"Available": 22, "StationId": "1075", "Total": 40, "Datetime": "20150525112026"}, {"Available": 21, "StationId": "1075", "Total": 40, "Datetime": "20150525115126"}, {"Available": 22, "StationId": "1075", "Total": 40, "Datetime": "20150525120628"}, {"Available": 23, "StationId": "1075", "Total": 40, "Datetime": "20150525120926"}, {"Available": 22, "StationId": "1075", "Total": 40, "Datetime": "20150525122726"}, {"Available": 23, "StationId": "1075", "Total": 40, "Datetime": "20150525123726"}, {"Available": 22, "StationId": "1075", "Total": 40, "Datetime": "20150525124626"}, {"Available": 21, "StationId": "1075", "Total": 40, "Datetime": "20150525125826"}, {"Available": 22, "StationId": "1075", "Total": 40, "Datetime": "20150525131926"}, {"Available": 21, "StationId": "1075", "Total": 40, "Datetime": "20150525134426"}, {"Available": 22, "StationId": "1075", "Total": 40, "Datetime": "20150525135326"}, {"Available": 21, "StationId": "1075", "Total": 40, "Datetime": "20150525141426"}, {"Available": 22, "StationId": "1075", "Total": 40, "Datetime": "20150525143326"}, {"Available": 23, "StationId": "1075", "Total": 40, "Datetime": "20150525144226"}, {"Available": 22, "StationId": "1075", "Total": 40, "Datetime": "20150525145726"}, {"Available": 21, "StationId": "1075", "Total": 40, "Datetime": "20150525153726"}, {"Available": 22, "StationId": "1075", "Total": 40, "Datetime": "20150525161427"}, {"Available": 23, "StationId": "1075", "Total": 40, "Datetime": "20150525162027"}, {"Available": 24, "StationId": "1075", "Total": 40, "Datetime": "20150525163826"}, {"Available": 23, "StationId": "1075", "Total": 40, "Datetime": "20150525170926"}, {"Available": 24, "StationId": "1075", "Total": 40, "Datetime": "20150525171226"}, {"Available": 23, "StationId": "1075", "Total": 40, "Datetime": "20150525171526"}, {"Available": 26, "StationId": "1075", "Total": 40, "Datetime": "20150525172426"}, {"Available": 27, "StationId": "1075", "Total": 40, "Datetime": "20150525173326"}, {"Available": 26, "StationId": "1075", "Total": 40, "Datetime": "20150525175226"}, {"Available": 28, "StationId": "1075", "Total": 40, "Datetime": "20150525180126"}, {"Available": 30, "StationId": "1075", "Total": 40, "Datetime": "20150525181326"}, {"Available": 28, "StationId": "1075", "Total": 40, "Datetime": "20150525181926"}, {"Available": 29, "StationId": "1075", "Total": 40, "Datetime": "20150525182226"}, {"Available": 27, "StationId": "1075", "Total": 40, "Datetime": "20150525182826"}, {"Available": 28, "StationId": "1075", "Total": 40, "Datetime": "20150525183426"}, {"Available": 29, "StationId": "1075", "Total": 40, "Datetime": "20150525183726"}, {"Available": 30, "StationId": "1075", "Total": 40, "Datetime": "20150525184026"}, {"Available": 32, "StationId": "1075", "Total": 40, "Datetime": "20150525184326"}, {"Available": 30, "StationId": "1075", "Total": 40, "Datetime": "20150525184926"}, {"Available": 29, "StationId": "1075", "Total": 40, "Datetime": "20150525185326"}, {"Available": 30, "StationId": "1075", "Total": 40, "Datetime": "20150525185626"}, {"Available": 31, "StationId": "1075", "Total": 40, "Datetime": "20150525190226"}, {"Available": 29, "StationId": "1075", "Total": 40, "Datetime": "20150525190526"}, {"Available": 28, "StationId": "1075", "Total": 40, "Datetime": "20150525190826"}, {"Available": 27, "StationId": "1075", "Total": 40, "Datetime": "20150525191126"}, {"Available": 28, "StationId": "1075", "Total": 40, "Datetime": "20150525191426"}, {"Available": 29, "StationId": "1075", "Total": 40, "Datetime": "20150525192326"}, {"Available": 30, "StationId": "1075", "Total": 40, "Datetime": "20150525193526"}, {"Available": 29, "StationId": "1075", "Total": 40, "Datetime": "20150525193826"}, {"Available": 28, "StationId": "1075", "Total": 40, "Datetime": "20150525194726"}, {"Available": 27, "StationId": "1075", "Total": 40, "Datetime": "20150525195026"}, {"Available": 28, "StationId": "1075", "Total": 40, "Datetime": "20150525195926"}, {"Available": 29, "StationId": "1075", "Total": 40, "Datetime": "20150525200226"}, {"Available": 30, "StationId": "1075", "Total": 40, "Datetime": "20150525200526"}, {"Available": 31, "StationId": "1075", "Total": 40, "Datetime": "20150525200826"}, {"Available": 32, "StationId": "1075", "Total": 40, "Datetime": "20150525201426"}, {"Available": 31, "StationId": "1075", "Total": 40, "Datetime": "20150525202726"}, {"Available": 32, "StationId": "1075", "Total": 40, "Datetime": "20150525203929"}, {"Available": 18, "StationId": "1075", "Total": 40, "Datetime": "20150525204226"}, {"Available": 19, "StationId": "1075", "Total": 40, "Datetime": "20150525204527"}, {"Available": 20, "StationId": "1075", "Total": 40, "Datetime": "20150525204826"}, {"Available": 19, "StationId": "1075", "Total": 40, "Datetime": "20150525205426"}, {"Available": 18, "StationId": "1075", "Total": 40, "Datetime": "20150525210026"}, {"Available": 19, "StationId": "1075", "Total": 40, "Datetime": "20150525210926"}, {"Available": 18, "StationId": "1075", "Total": 40, "Datetime": "20150525211526"}, {"Available": 19, "StationId": "1075", "Total": 40, "Datetime": "20150525211826"}, {"Available": 21, "StationId": "1075", "Total": 40, "Datetime": "20150525212726"}, {"Available": 20, "StationId": "1075", "Total": 40, "Datetime": "20150525213326"}, {"Available": 21, "StationId": "1075", "Total": 40, "Datetime": "20150525213626"}, {"Available": 22, "StationId": "1075", "Total": 40, "Datetime": "20150525213926"}, {"Available": 23, "StationId": "1075", "Total": 40, "Datetime": "20150525214526"}, {"Available": 25, "StationId": "1075", "Total": 40, "Datetime": "20150525214825"}, {"Available": 24, "StationId": "1075", "Total": 40, "Datetime": "20150525215425"}, {"Available": 25, "StationId": "1075", "Total": 40, "Datetime": "20150525220325"}, {"Available": 26, "StationId": "1075", "Total": 40, "Datetime": "20150525221326"}, {"Available": 28, "StationId": "1075", "Total": 40, "Datetime": "20150525222226"}, {"Available": 29, "StationId": "1075", "Total": 40, "Datetime": "20150525223426"}, {"Available": 30, "StationId": "1075", "Total": 40, "Datetime": "20150525224926"}, {"Available": 31, "StationId": "1075", "Total": 40, "Datetime": "20150525225226"}, {"Available": 33, "StationId": "1075", "Total": 40, "Datetime": "20150525232826"}, {"Available": 34, "StationId": "1075", "Total": 40, "Datetime": "20150525234026"}, {"Available": 20, "StationId": "1075", "Total": 40, "Datetime": "20150525235226"}], "StationId": "1075"}, {"Date": "20150526", "States": [{"Available": 20, "StationId": "1075", "Total": 40, "Datetime": "20150526000126"}, {"Available": 21, "StationId": "1075", "Total": 40, "Datetime": "20150526000826"}, {"Available": 22, "StationId": "1075", "Total": 40, "Datetime": "20150526003527"}, {"Available": 23, "StationId": "1075", "Total": 40, "Datetime": "20150526020526"}, {"Available": 24, "StationId": "1075", "Total": 40, "Datetime": "20150526021126"}, {"Available": 22, "StationId": "1075", "Total": 40, "Datetime": "20150526054924"}, {"Available": 21, "StationId": "1075", "Total": 40, "Datetime": "20150526061624"}, {"Available": 20, "StationId": "1075", "Total": 40, "Datetime": "20150526061924"}, {"Available": 19, "StationId": "1075", "Total": 40, "Datetime": "20150526063124"}, {"Available": 18, "StationId": "1075", "Total": 40, "Datetime": "20150526063424"}, {"Available": 17, "StationId": "1075", "Total": 40, "Datetime": "20150526063724"}, {"Available": 16, "StationId": "1075", "Total": 40, "Datetime": "20150526064624"}, {"Available": 14, "StationId": "1075", "Total": 40, "Datetime": "20150526070124"}, {"Available": 12, "StationId": "1075", "Total": 40, "Datetime": "20150526071624"}, {"Available": 13, "StationId": "1075", "Total": 40, "Datetime": "20150526072227"}, {"Available": 12, "StationId": "1075", "Total": 40, "Datetime": "20150526072524"}, {"Available": 11, "StationId": "1075", "Total": 40, "Datetime": "20150526073123"}, {"Available": 12, "StationId": "1075", "Total": 40, "Datetime": "20150526073423"}, {"Available": 10, "StationId": "1075", "Total": 40, "Datetime": "20150526074123"}, {"Available": 8, "StationId": "1075", "Total": 40, "Datetime": "20150526075323"}, {"Available": 6, "StationId": "1075", "Total": 40, "Datetime": "20150526075623"}, {"Available": 5, "StationId": "1075", "Total": 40, "Datetime": "20150526080823"}, {"Available": 3, "StationId": "1075", "Total": 40, "Datetime": "20150526082323"}, {"Available": 2, "StationId": "1075", "Total": 40, "Datetime": "20150526082923"}, {"Available": 1, "StationId": "1075", "Total": 40, "Datetime": "20150526083523"}, {"Available": 0, "StationId": "1075", "Total": 40, "Datetime": "20150526091823"}, {"Available": 2, "StationId": "1075", "Total": 40, "Datetime": "20150526094223"}, {"Available": 6, "StationId": "1075", "Total": 40, "Datetime": "20150526094523"}, {"Available": 4, "StationId": "1075", "Total": 40, "Datetime": "20150526100023"}, {"Available": 5, "StationId": "1075", "Total": 40, "Datetime": "20150526101024"}, {"Available": 6, "StationId": "1075", "Total": 40, "Datetime": "20150526102524"}, {"Available": 5, "StationId": "1075", "Total": 40, "Datetime": "20150526105223"}, {"Available": 4, "StationId": "1075", "Total": 40, "Datetime": "20150526105523"}, {"Available": 2, "StationId": "1075", "Total": 40, "Datetime": "20150526111123"}, {"Available": 1, "StationId": "1075", "Total": 40, "Datetime": "20150526111423"}, {"Available": 2, "StationId": "1075", "Total": 40, "Datetime": "20150526120923"}, {"Available": 1, "StationId": "1075", "Total": 40, "Datetime": "20150526121301"}, {"Available": 0, "StationId": "1075", "Total": 40, "Datetime": "20150526121523"}, {"Available": 1, "StationId": "1075", "Total": 40, "Datetime": "20150526122723"}, {"Available": 2, "StationId": "1075", "Total": 40, "Datetime": "20150526130725"}, {"Available": 1, "StationId": "1075", "Total": 40, "Datetime": "20150526131025"}, {"Available": 0, "StationId": "1075", "Total": 40, "Datetime": "20150526131625"}, {"Available": 1, "StationId": "1075", "Total": 40, "Datetime": "20150526132825"}, {"Available": 2, "StationId": "1075", "Total": 40, "Datetime": "20150526133125"}, {"Available": 1, "StationId": "1075", "Total": 40, "Datetime": "20150526134025"}, {"Available": 0, "StationId": "1075", "Total": 40, "Datetime": "20150526135225"}, {"Available": 1, "StationId": "1075", "Total": 40, "Datetime": "20150526140425"}, {"Available": 2, "StationId": "1075", "Total": 40, "Datetime": "20150526140825"}, {"Available": 6, "StationId": "1075", "Total": 40, "Datetime": "20150526141125"}, {"Available": 7, "StationId": "1075", "Total": 40, "Datetime": "20150526141725"}, {"Available": 6, "StationId": "1075", "Total": 40, "Datetime": "20150526144125"}, {"Available": 5, "StationId": "1075", "Total": 40, "Datetime": "20150526150325"}, {"Available": 4, "StationId": "1075", "Total": 40, "Datetime": "20150526152125"}, {"Available": 6, "StationId": "1075", "Total": 40, "Datetime": "20150526153925"}, {"Available": 7, "StationId": "1075", "Total": 40, "Datetime": "20150526160425"}, {"Available": 8, "StationId": "1075", "Total": 40, "Datetime": "20150526160725"}, {"Available": 10, "StationId": "1075", "Total": 40, "Datetime": "20150526161325"}, {"Available": 8, "StationId": "1075", "Total": 40, "Datetime": "20150526163225"}, {"Available": 9, "StationId": "1075", "Total": 40, "Datetime": "20150526163825"}, {"Available": 10, "StationId": "1075", "Total": 40, "Datetime": "20150526165103"}, {"Available": 11, "StationId": "1075", "Total": 40, "Datetime": "20150526165425"}, {"Available": 10, "StationId": "1075", "Total": 40, "Datetime": "20150526165725"}, {"Available": 9, "StationId": "1075", "Total": 40, "Datetime": "20150526170025"}, {"Available": 12, "StationId": "1075", "Total": 40, "Datetime": "20150526171525"}, {"Available": 13, "StationId": "1075", "Total": 40, "Datetime": "20150526172425"}, {"Available": 11, "StationId": "1075", "Total": 40, "Datetime": "20150526172825"}, {"Available": 12, "StationId": "1075", "Total": 40, "Datetime": "20150526173125"}, {"Available": 13, "StationId": "1075", "Total": 40, "Datetime": "20150526174325"}, {"Available": 14, "StationId": "1075", "Total": 40, "Datetime": "20150526174625"}, {"Available": 15, "StationId": "1075", "Total": 40, "Datetime": "20150526175525"}, {"Available": 14, "StationId": "1075", "Total": 40, "Datetime": "20150526180725"}, {"Available": 15, "StationId": "1075", "Total": 40, "Datetime": "20150526181025"}, {"Available": 14, "StationId": "1075", "Total": 40, "Datetime": "20150526181325"}, {"Available": 13, "StationId": "1075", "Total": 40, "Datetime": "20150526182825"}, {"Available": 14, "StationId": "1075", "Total": 40, "Datetime": "20150526183425"}, {"Available": 15, "StationId": "1075", "Total": 40, "Datetime": "20150526184725"}, {"Available": 16, "StationId": "1075", "Total": 40, "Datetime": "20150526185025"}, {"Available": 17, "StationId": "1075", "Total": 40, "Datetime": "20150526185325"}, {"Available": 20, "StationId": "1075", "Total": 40, "Datetime": "20150526190225"}, {"Available": 19, "StationId": "1075", "Total": 40, "Datetime": "20150526190825"}, {"Available": 16, "StationId": "1075", "Total": 40, "Datetime": "20150526191125"}, {"Available": 18, "StationId": "1075", "Total": 40, "Datetime": "20150526192325"}, {"Available": 19, "StationId": "1075", "Total": 40, "Datetime": "20150526192925"}, {"Available": 20, "StationId": "1075", "Total": 40, "Datetime": "20150526193225"}, {"Available": 21, "StationId": "1075", "Total": 40, "Datetime": "20150526193525"}, {"Available": 22, "StationId": "1075", "Total": 40, "Datetime": "20150526193825"}, {"Available": 21, "StationId": "1075", "Total": 40, "Datetime": "20150526194125"}, {"Available": 20, "StationId": "1075", "Total": 40, "Datetime": "20150526194425"}, {"Available": 21, "StationId": "1075", "Total": 40, "Datetime": "20150526195025"}, {"Available": 22, "StationId": "1075", "Total": 40, "Datetime": "20150526195325"}, {"Available": 21, "StationId": "1075", "Total": 40, "Datetime": "20150526195925"}, {"Available": 22, "StationId": "1075", "Total": 40, "Datetime": "20150526201125"}, {"Available": 21, "StationId": "1075", "Total": 40, "Datetime": "20150526201725"}, {"Available": 20, "StationId": "1075", "Total": 40, "Datetime": "20150526203325"}, {"Available": 22, "StationId": "1075", "Total": 40, "Datetime": "20150526203625"}, {"Available": 23, "StationId": "1075", "Total": 40, "Datetime": "20150526205425"}, {"Available": 25, "StationId": "1075", "Total": 40, "Datetime": "20150526205725"}, {"Available": 26, "StationId": "1075", "Total": 40, "Datetime": "20150526210325"}, {"Available": 27, "StationId": "1075", "Total": 40, "Datetime": "20150526220025"}, {"Available": 26, "StationId": "1075", "Total": 40, "Datetime": "20150526220325"}, {"Available": 27, "StationId": "1075", "Total": 40, "Datetime": "20150526222229"}, {"Available": 28, "StationId": "1075", "Total": 40, "Datetime": "20150526223125"}, {"Available": 27, "StationId": "1075", "Total": 40, "Datetime": "20150526224933"}, {"Available": 26, "StationId": "1075", "Total": 40, "Datetime": "20150526231025"}, {"Available": 27, "StationId": "1075", "Total": 40, "Datetime": "20150526231625"}, {"Available": 28, "StationId": "1075", "Total": 40, "Datetime": "20150526231925"}, {"Available": 29, "StationId": "1075", "Total": 40, "Datetime": "20150526232825"}, {"Available": 30, "StationId": "1075", "Total": 40, "Datetime": "20150526235224"}], "StationId": "1075"}, {"Date": "20150527", "States": [{"Available": 30, "StationId": "1075", "Total": 40, "Datetime": "20150527000225"}, {"Available": 31, "StationId": "1075", "Total": 40, "Datetime": "20150527020025"}, {"Available": 30, "StationId": "1075", "Total": 40, "Datetime": "20150527054739"}, {"Available": 29, "StationId": "1075", "Total": 40, "Datetime": "20150527060239"}, {"Available": 30, "StationId": "1075", "Total": 40, "Datetime": "20150527060539"}, {"Available": 28, "StationId": "1075", "Total": 40, "Datetime": "20150527060839"}, {"Available": 29, "StationId": "1075", "Total": 40, "Datetime": "20150527062339"}, {"Available": 28, "StationId": "1075", "Total": 40, "Datetime": "20150527063539"}, {"Available": 27, "StationId": "1075", "Total": 40, "Datetime": "20150527063839"}, {"Available": 26, "StationId": "1075", "Total": 40, "Datetime": "20150527064439"}, {"Available": 25, "StationId": "1075", "Total": 40, "Datetime": "20150527065639"}, {"Available": 24, "StationId": "1075", "Total": 40, "Datetime": "20150527065939"}, {"Available": 22, "StationId": "1075", "Total": 40, "Datetime": "20150527070239"}, {"Available": 21, "StationId": "1075", "Total": 40, "Datetime": "20150527070539"}, {"Available": 20, "StationId": "1075", "Total": 40, "Datetime": "20150527070839"}, {"Available": 19, "StationId": "1075", "Total": 40, "Datetime": "20150527071439"}, {"Available": 18, "StationId": "1075", "Total": 40, "Datetime": "20150527073039"}, {"Available": 16, "StationId": "1075", "Total": 40, "Datetime": "20150527073639"}, {"Available": 15, "StationId": "1075", "Total": 40, "Datetime": "20150527073938"}, {"Available": 14, "StationId": "1075", "Total": 40, "Datetime": "20150527074238"}, {"Available": 13, "StationId": "1075", "Total": 40, "Datetime": "20150527074538"}, {"Available": 11, "StationId": "1075", "Total": 40, "Datetime": "20150527080038"}, {"Available": 9, "StationId": "1075", "Total": 40, "Datetime": "20150527080938"}, {"Available": 8, "StationId": "1075", "Total": 40, "Datetime": "20150527081838"}, {"Available": 9, "StationId": "1075", "Total": 40, "Datetime": "20150527083038"}, {"Available": 8, "StationId": "1075", "Total": 40, "Datetime": "20150527083639"}, {"Available": 7, "StationId": "1075", "Total": 40, "Datetime": "20150527084638"}, {"Available": 6, "StationId": "1075", "Total": 40, "Datetime": "20150527085538"}, {"Available": 7, "StationId": "1075", "Total": 40, "Datetime": "20150527090738"}, {"Available": 6, "StationId": "1075", "Total": 40, "Datetime": "20150527091038"}, {"Available": 5, "StationId": "1075", "Total": 40, "Datetime": "20150527093139"}, {"Available": 4, "StationId": "1075", "Total": 40, "Datetime": "20150527093439"}, {"Available": 3, "StationId": "1075", "Total": 40, "Datetime": "20150527093839"}, {"Available": 4, "StationId": "1075", "Total": 40, "Datetime": "20150527094439"}, {"Available": 6, "StationId": "1075", "Total": 40, "Datetime": "20150527101139"}, {"Available": 5, "StationId": "1075", "Total": 40, "Datetime": "20150527102339"}, {"Available": 3, "StationId": "1075", "Total": 40, "Datetime": "20150527103639"}, {"Available": 2, "StationId": "1075", "Total": 40, "Datetime": "20150527103939"}, {"Available": 3, "StationId": "1075", "Total": 40, "Datetime": "20150527104238"}, {"Available": 4, "StationId": "1075", "Total": 40, "Datetime": "20150527104539"}, {"Available": 3, "StationId": "1075", "Total": 40, "Datetime": "20150527105738"}, {"Available": 2, "StationId": "1075", "Total": 40, "Datetime": "20150527111638"}, {"Available": 1, "StationId": "1075", "Total": 40, "Datetime": "20150527112238"}, {"Available": 0, "StationId": "1075", "Total": 40, "Datetime": "20150527112838"}, {"Available": 1, "StationId": "1075", "Total": 40, "Datetime": "20150527120538"}, {"Available": 0, "StationId": "1075", "Total": 40, "Datetime": "20150527121138"}, {"Available": 1, "StationId": "1075", "Total": 40, "Datetime": "20150527122638"}], "StationId": "1075"}]