[{"Date": "20150522", "States": [{"Available": 0, "StationId": "1137", "Total": 36, "Datetime": "20150522000415"}, {"Available": 7, "StationId": "1137", "Total": 36, "Datetime": "20150522002815"}, {"Available": 17, "StationId": "1137", "Total": 36, "Datetime": "20150522003115"}, {"Available": 24, "StationId": "1137", "Total": 36, "Datetime": "20150522003415"}, {"Available": 25, "StationId": "1137", "Total": 36, "Datetime": "20150522014012"}, {"Available": 23, "StationId": "1137", "Total": 36, "Datetime": "20150522055225"}, {"Available": 25, "StationId": "1137", "Total": 36, "Datetime": "20150522055825"}, {"Available": 24, "StationId": "1137", "Total": 36, "Datetime": "20150522083325"}, {"Available": 25, "StationId": "1137", "Total": 36, "Datetime": "20150522084225"}, {"Available": 24, "StationId": "1137", "Total": 36, "Datetime": "20150522084601"}, {"Available": 25, "StationId": "1137", "Total": 36, "Datetime": "20150522120624"}, {"Available": 24, "StationId": "1137", "Total": 36, "Datetime": "20150522173425"}, {"Available": 23, "StationId": "1137", "Total": 36, "Datetime": "20150522173724"}, {"Available": 24, "StationId": "1137", "Total": 36, "Datetime": "20150522181024"}, {"Available": 23, "StationId": "1137", "Total": 36, "Datetime": "20150522181625"}, {"Available": 22, "StationId": "1137", "Total": 36, "Datetime": "20150522182224"}, {"Available": 20, "StationId": "1137", "Total": 36, "Datetime": "20150522191124"}, {"Available": 21, "StationId": "1137", "Total": 36, "Datetime": "20150522191724"}, {"Available": 20, "StationId": "1137", "Total": 36, "Datetime": "20150522193224"}, {"Available": 21, "StationId": "1137", "Total": 36, "Datetime": "20150522193524"}, {"Available": 19, "StationId": "1137", "Total": 36, "Datetime": "20150522195724"}, {"Available": 20, "StationId": "1137", "Total": 36, "Datetime": "20150522200024"}, {"Available": 19, "StationId": "1137", "Total": 36, "Datetime": "20150522202124"}, {"Available": 20, "StationId": "1137", "Total": 36, "Datetime": "20150522202725"}, {"Available": 19, "StationId": "1137", "Total": 36, "Datetime": "20150522203325"}, {"Available": 21, "StationId": "1137", "Total": 36, "Datetime": "20150522203625"}, {"Available": 22, "StationId": "1137", "Total": 36, "Datetime": "20150522221924"}, {"Available": 23, "StationId": "1137", "Total": 36, "Datetime": "20150522223424"}, {"Available": 24, "StationId": "1137", "Total": 36, "Datetime": "20150522232325"}, {"Available": 25, "StationId": "1137", "Total": 36, "Datetime": "20150522232624"}], "StationId": "1137"}, {"Date": "20150523", "States": [{"Available": 25, "StationId": "1137", "Total": 36, "Datetime": "20150523000225"}, {"Available": 26, "StationId": "1137", "Total": 36, "Datetime": "20150523001424"}, {"Available": 24, "StationId": "1137", "Total": 36, "Datetime": "20150523054727"}, {"Available": 20, "StationId": "1137", "Total": 36, "Datetime": "20150523055027"}, {"Available": 19, "StationId": "1137", "Total": 36, "Datetime": "20150523091827"}, {"Available": 20, "StationId": "1137", "Total": 36, "Datetime": "20150523100127"}, {"Available": 19, "StationId": "1137", "Total": 36, "Datetime": "20150523112927"}, {"Available": 20, "StationId": "1137", "Total": 36, "Datetime": "20150523113228"}, {"Available": 19, "StationId": "1137", "Total": 36, "Datetime": "20150523114127"}, {"Available": 20, "StationId": "1137", "Total": 36, "Datetime": "20150523120227"}, {"Available": 19, "StationId": "1137", "Total": 36, "Datetime": "20150523141826"}, {"Available": 18, "StationId": "1137", "Total": 36, "Datetime": "20150523181829"}, {"Available": 19, "StationId": "1137", "Total": 36, "Datetime": "20150523182427"}, {"Available": 18, "StationId": "1137", "Total": 36, "Datetime": "20150523194827"}, {"Available": 17, "StationId": "1137", "Total": 36, "Datetime": "20150523213427"}], "StationId": "1137"}, {"Date": "20150524", "States": [{"Available": 17, "StationId": "1137", "Total": 36, "Datetime": "20150524000227"}, {"Available": 18, "StationId": "1137", "Total": 36, "Datetime": "20150524095443"}, {"Available": 19, "StationId": "1137", "Total": 36, "Datetime": "20150524151245"}], "StationId": "1137"}, {"Date": "20150525", "States": [{"Available": 19, "StationId": "1137", "Total": 36, "Datetime": "20150525000143"}, {"Available": 15, "StationId": "1137", "Total": 36, "Datetime": "20150525020221"}, {"Available": 13, "StationId": "1137", "Total": 36, "Datetime": "20150525020521"}, {"Available": 12, "StationId": "1137", "Total": 36, "Datetime": "20150525081635"}, {"Available": 13, "StationId": "1137", "Total": 36, "Datetime": "20150525115434"}, {"Available": 12, "StationId": "1137", "Total": 36, "Datetime": "20150525121234"}, {"Available": 13, "StationId": "1137", "Total": 36, "Datetime": "20150525123734"}, {"Available": 12, "StationId": "1137", "Total": 36, "Datetime": "20150525130134"}, {"Available": 11, "StationId": "1137", "Total": 36, "Datetime": "20150525140534"}, {"Available": 10, "StationId": "1137", "Total": 36, "Datetime": "20150525140834"}, {"Available": 12, "StationId": "1137", "Total": 36, "Datetime": "20150525150034"}, {"Available": 13, "StationId": "1137", "Total": 36, "Datetime": "20150525164434"}, {"Available": 12, "StationId": "1137", "Total": 36, "Datetime": "20150525171234"}, {"Available": 13, "StationId": "1137", "Total": 36, "Datetime": "20150525180734"}, {"Available": 12, "StationId": "1137", "Total": 36, "Datetime": "20150525182834"}, {"Available": 16, "StationId": "1137", "Total": 36, "Datetime": "20150525183734"}, {"Available": 17, "StationId": "1137", "Total": 36, "Datetime": "20150525192035"}, {"Available": 18, "StationId": "1137", "Total": 36, "Datetime": "20150525212734"}, {"Available": 17, "StationId": "1137", "Total": 36, "Datetime": "20150525213934"}, {"Available": 18, "StationId": "1137", "Total": 36, "Datetime": "20150525221334"}, {"Available": 19, "StationId": "1137", "Total": 36, "Datetime": "20150525234334"}, {"Available": 18, "StationId": "1137", "Total": 36, "Datetime": "20150525234933"}], "StationId": "1137"}, {"Date": "20150526", "States": [{"Available": 18, "StationId": "1137", "Total": 36, "Datetime": "20150526000134"}, {"Available": 19, "StationId": "1137", "Total": 36, "Datetime": "20150526084118"}, {"Available": 18, "StationId": "1137", "Total": 36, "Datetime": "20150526115618"}, {"Available": 17, "StationId": "1137", "Total": 36, "Datetime": "20150526131920"}, {"Available": 16, "StationId": "1137", "Total": 36, "Datetime": "20150526133419"}, {"Available": 17, "StationId": "1137", "Total": 36, "Datetime": "20150526134919"}, {"Available": 16, "StationId": "1137", "Total": 36, "Datetime": "20150526141719"}, {"Available": 15, "StationId": "1137", "Total": 36, "Datetime": "20150526142320"}, {"Available": 16, "StationId": "1137", "Total": 36, "Datetime": "20150526143819"}, {"Available": 15, "StationId": "1137", "Total": 36, "Datetime": "20150526165719"}, {"Available": 14, "StationId": "1137", "Total": 36, "Datetime": "20150526172119"}, {"Available": 12, "StationId": "1137", "Total": 36, "Datetime": "20150526172419"}, {"Available": 11, "StationId": "1137", "Total": 36, "Datetime": "20150526182819"}, {"Available": 9, "StationId": "1137", "Total": 36, "Datetime": "20150526183119"}, {"Available": 10, "StationId": "1137", "Total": 36, "Datetime": "20150526183419"}, {"Available": 11, "StationId": "1137", "Total": 36, "Datetime": "20150526185619"}, {"Available": 12, "StationId": "1137", "Total": 36, "Datetime": "20150526190819"}, {"Available": 11, "StationId": "1137", "Total": 36, "Datetime": "20150526203919"}, {"Available": 12, "StationId": "1137", "Total": 36, "Datetime": "20150526224619"}, {"Available": 11, "StationId": "1137", "Total": 36, "Datetime": "20150526230719"}, {"Available": 12, "StationId": "1137", "Total": 36, "Datetime": "20150526232219"}, {"Available": 11, "StationId": "1137", "Total": 36, "Datetime": "20150526233419"}], "StationId": "1137"}, {"Date": "20150527", "States": [{"Available": 11, "StationId": "1137", "Total": 36, "Datetime": "20150527000219"}, {"Available": 18, "StationId": "1137", "Total": 36, "Datetime": "20150527034342"}, {"Available": 19, "StationId": "1137", "Total": 36, "Datetime": "20150527083030"}, {"Available": 18, "StationId": "1137", "Total": 36, "Datetime": "20150527085303"}, {"Available": 19, "StationId": "1137", "Total": 36, "Datetime": "20150527101729"}, {"Available": 18, "StationId": "1137", "Total": 36, "Datetime": "20150527103930"}, {"Available": 19, "StationId": "1137", "Total": 36, "Datetime": "20150527113129"}, {"Available": 18, "StationId": "1137", "Total": 36, "Datetime": "20150527114329"}, {"Available": 16, "StationId": "1137", "Total": 36, "Datetime": "20150527114930"}, {"Available": 18, "StationId": "1137", "Total": 36, "Datetime": "20150527115330"}], "StationId": "1137"}]