[{"Date": "20150522", "States": [{"Available": 0, "StationId": "1134", "Total": 52, "Datetime": "20150522000158"}, {"Available": 4, "StationId": "1134", "Total": 52, "Datetime": "20150522004918"}, {"Available": 14, "StationId": "1134", "Total": 52, "Datetime": "20150522005321"}, {"Available": 13, "StationId": "1134", "Total": 52, "Datetime": "20150522032432"}, {"Available": 14, "StationId": "1134", "Total": 52, "Datetime": "20150522032732"}, {"Available": 13, "StationId": "1134", "Total": 52, "Datetime": "20150522073532"}, {"Available": 12, "StationId": "1134", "Total": 52, "Datetime": "20150522074432"}, {"Available": 11, "StationId": "1134", "Total": 52, "Datetime": "20150522083331"}, {"Available": 10, "StationId": "1134", "Total": 52, "Datetime": "20150522091532"}, {"Available": 11, "StationId": "1134", "Total": 52, "Datetime": "20150522091831"}, {"Available": 10, "StationId": "1134", "Total": 52, "Datetime": "20150522092432"}, {"Available": 11, "StationId": "1134", "Total": 52, "Datetime": "20150522093032"}, {"Available": 12, "StationId": "1134", "Total": 52, "Datetime": "20150522094032"}, {"Available": 17, "StationId": "1134", "Total": 52, "Datetime": "20150522094332"}, {"Available": 28, "StationId": "1134", "Total": 52, "Datetime": "20150522094632"}, {"Available": 30, "StationId": "1134", "Total": 52, "Datetime": "20150522094932"}, {"Available": 36, "StationId": "1134", "Total": 52, "Datetime": "20150522095232"}, {"Available": 37, "StationId": "1134", "Total": 52, "Datetime": "20150522095532"}, {"Available": 36, "StationId": "1134", "Total": 52, "Datetime": "20150522101632"}, {"Available": 37, "StationId": "1134", "Total": 52, "Datetime": "20150522101932"}, {"Available": 33, "StationId": "1134", "Total": 52, "Datetime": "20150522102232"}, {"Available": 32, "StationId": "1134", "Total": 52, "Datetime": "20150522102532"}, {"Available": 31, "StationId": "1134", "Total": 52, "Datetime": "20150522103532"}, {"Available": 30, "StationId": "1134", "Total": 52, "Datetime": "20150522103831"}, {"Available": 33, "StationId": "1134", "Total": 52, "Datetime": "20150522104432"}, {"Available": 32, "StationId": "1134", "Total": 52, "Datetime": "20150522104731"}, {"Available": 31, "StationId": "1134", "Total": 52, "Datetime": "20150522105631"}, {"Available": 29, "StationId": "1134", "Total": 52, "Datetime": "20150522105932"}, {"Available": 30, "StationId": "1134", "Total": 52, "Datetime": "20150522110232"}, {"Available": 29, "StationId": "1134", "Total": 52, "Datetime": "20150522111132"}, {"Available": 30, "StationId": "1134", "Total": 52, "Datetime": "20150522111432"}, {"Available": 32, "StationId": "1134", "Total": 52, "Datetime": "20150522111732"}, {"Available": 33, "StationId": "1134", "Total": 52, "Datetime": "20150522112132"}, {"Available": 34, "StationId": "1134", "Total": 52, "Datetime": "20150522113331"}, {"Available": 33, "StationId": "1134", "Total": 52, "Datetime": "20150522144532"}, {"Available": 31, "StationId": "1134", "Total": 52, "Datetime": "20150522144932"}, {"Available": 30, "StationId": "1134", "Total": 52, "Datetime": "20150522145532"}, {"Available": 31, "StationId": "1134", "Total": 52, "Datetime": "20150522151932"}, {"Available": 30, "StationId": "1134", "Total": 52, "Datetime": "20150522152832"}, {"Available": 31, "StationId": "1134", "Total": 52, "Datetime": "20150522153531"}, {"Available": 30, "StationId": "1134", "Total": 52, "Datetime": "20150522155031"}, {"Available": 31, "StationId": "1134", "Total": 52, "Datetime": "20150522155632"}, {"Available": 32, "StationId": "1134", "Total": 52, "Datetime": "20150522160232"}, {"Available": 33, "StationId": "1134", "Total": 52, "Datetime": "20150522160832"}, {"Available": 34, "StationId": "1134", "Total": 52, "Datetime": "20150522164232"}, {"Available": 35, "StationId": "1134", "Total": 52, "Datetime": "20150522165132"}, {"Available": 40, "StationId": "1134", "Total": 52, "Datetime": "20150522165431"}, {"Available": 38, "StationId": "1134", "Total": 52, "Datetime": "20150522171231"}, {"Available": 40, "StationId": "1134", "Total": 52, "Datetime": "20150522171531"}, {"Available": 42, "StationId": "1134", "Total": 52, "Datetime": "20150522171832"}, {"Available": 45, "StationId": "1134", "Total": 52, "Datetime": "20150522172231"}, {"Available": 44, "StationId": "1134", "Total": 52, "Datetime": "20150522172531"}, {"Available": 43, "StationId": "1134", "Total": 52, "Datetime": "20150522173431"}, {"Available": 42, "StationId": "1134", "Total": 52, "Datetime": "20150522174331"}, {"Available": 43, "StationId": "1134", "Total": 52, "Datetime": "20150522174631"}, {"Available": 42, "StationId": "1134", "Total": 52, "Datetime": "20150522175831"}, {"Available": 43, "StationId": "1134", "Total": 52, "Datetime": "20150522180131"}, {"Available": 42, "StationId": "1134", "Total": 52, "Datetime": "20150522180431"}, {"Available": 41, "StationId": "1134", "Total": 52, "Datetime": "20150522180731"}, {"Available": 40, "StationId": "1134", "Total": 52, "Datetime": "20150522181331"}, {"Available": 39, "StationId": "1134", "Total": 52, "Datetime": "20150522181631"}, {"Available": 38, "StationId": "1134", "Total": 52, "Datetime": "20150522182831"}, {"Available": 39, "StationId": "1134", "Total": 52, "Datetime": "20150522183132"}, {"Available": 36, "StationId": "1134", "Total": 52, "Datetime": "20150522184131"}, {"Available": 37, "StationId": "1134", "Total": 52, "Datetime": "20150522185931"}, {"Available": 38, "StationId": "1134", "Total": 52, "Datetime": "20150522190231"}, {"Available": 35, "StationId": "1134", "Total": 52, "Datetime": "20150522191131"}, {"Available": 36, "StationId": "1134", "Total": 52, "Datetime": "20150522191631"}, {"Available": 35, "StationId": "1134", "Total": 52, "Datetime": "20150522192031"}, {"Available": 36, "StationId": "1134", "Total": 52, "Datetime": "20150522195731"}, {"Available": 35, "StationId": "1134", "Total": 52, "Datetime": "20150522200031"}, {"Available": 33, "StationId": "1134", "Total": 52, "Datetime": "20150522200331"}, {"Available": 32, "StationId": "1134", "Total": 52, "Datetime": "20150522200931"}, {"Available": 34, "StationId": "1134", "Total": 52, "Datetime": "20150522201231"}, {"Available": 33, "StationId": "1134", "Total": 52, "Datetime": "20150522201831"}, {"Available": 32, "StationId": "1134", "Total": 52, "Datetime": "20150522202132"}, {"Available": 33, "StationId": "1134", "Total": 52, "Datetime": "20150522202432"}, {"Available": 35, "StationId": "1134", "Total": 52, "Datetime": "20150522203331"}, {"Available": 34, "StationId": "1134", "Total": 52, "Datetime": "20150522203631"}, {"Available": 35, "StationId": "1134", "Total": 52, "Datetime": "20150522204231"}, {"Available": 36, "StationId": "1134", "Total": 52, "Datetime": "20150522205431"}, {"Available": 37, "StationId": "1134", "Total": 52, "Datetime": "20150522210031"}, {"Available": 38, "StationId": "1134", "Total": 52, "Datetime": "20150522210732"}, {"Available": 36, "StationId": "1134", "Total": 52, "Datetime": "20150522211331"}, {"Available": 35, "StationId": "1134", "Total": 52, "Datetime": "20150522211931"}, {"Available": 36, "StationId": "1134", "Total": 52, "Datetime": "20150522212231"}, {"Available": 38, "StationId": "1134", "Total": 52, "Datetime": "20150522212532"}, {"Available": 37, "StationId": "1134", "Total": 52, "Datetime": "20150522213431"}, {"Available": 40, "StationId": "1134", "Total": 52, "Datetime": "20150522213732"}, {"Available": 41, "StationId": "1134", "Total": 52, "Datetime": "20150522220132"}, {"Available": 42, "StationId": "1134", "Total": 52, "Datetime": "20150522225631"}, {"Available": 41, "StationId": "1134", "Total": 52, "Datetime": "20150522230232"}, {"Available": 42, "StationId": "1134", "Total": 52, "Datetime": "20150522233531"}], "StationId": "1134"}, {"Date": "20150523", "States": [{"Available": 42, "StationId": "1134", "Total": 52, "Datetime": "20150523000231"}, {"Available": 40, "StationId": "1134", "Total": 52, "Datetime": "20150523002331"}, {"Available": 36, "StationId": "1134", "Total": 52, "Datetime": "20150523002731"}, {"Available": 32, "StationId": "1134", "Total": 52, "Datetime": "20150523003031"}, {"Available": 28, "StationId": "1134", "Total": 52, "Datetime": "20150523003631"}, {"Available": 27, "StationId": "1134", "Total": 52, "Datetime": "20150523023319"}, {"Available": 28, "StationId": "1134", "Total": 52, "Datetime": "20150523040414"}, {"Available": 27, "StationId": "1134", "Total": 52, "Datetime": "20150523055314"}, {"Available": 28, "StationId": "1134", "Total": 52, "Datetime": "20150523055614"}, {"Available": 27, "StationId": "1134", "Total": 52, "Datetime": "20150523063814"}, {"Available": 28, "StationId": "1134", "Total": 52, "Datetime": "20150523071114"}, {"Available": 27, "StationId": "1134", "Total": 52, "Datetime": "20150523073614"}, {"Available": 26, "StationId": "1134", "Total": 52, "Datetime": "20150523073913"}, {"Available": 25, "StationId": "1134", "Total": 52, "Datetime": "20150523074213"}, {"Available": 26, "StationId": "1134", "Total": 52, "Datetime": "20150523075113"}, {"Available": 27, "StationId": "1134", "Total": 52, "Datetime": "20150523080313"}, {"Available": 26, "StationId": "1134", "Total": 52, "Datetime": "20150523090913"}, {"Available": 25, "StationId": "1134", "Total": 52, "Datetime": "20150523092413"}, {"Available": 24, "StationId": "1134", "Total": 52, "Datetime": "20150523092713"}, {"Available": 25, "StationId": "1134", "Total": 52, "Datetime": "20150523093013"}, {"Available": 24, "StationId": "1134", "Total": 52, "Datetime": "20150523094914"}, {"Available": 26, "StationId": "1134", "Total": 52, "Datetime": "20150523095514"}, {"Available": 25, "StationId": "1134", "Total": 52, "Datetime": "20150523100114"}, {"Available": 24, "StationId": "1134", "Total": 52, "Datetime": "20150523101314"}, {"Available": 23, "StationId": "1134", "Total": 52, "Datetime": "20150523101914"}, {"Available": 24, "StationId": "1134", "Total": 52, "Datetime": "20150523102814"}, {"Available": 25, "StationId": "1134", "Total": 52, "Datetime": "20150523103114"}, {"Available": 23, "StationId": "1134", "Total": 52, "Datetime": "20150523103414"}, {"Available": 22, "StationId": "1134", "Total": 52, "Datetime": "20150523104313"}, {"Available": 23, "StationId": "1134", "Total": 52, "Datetime": "20150523105513"}, {"Available": 22, "StationId": "1134", "Total": 52, "Datetime": "20150523111013"}, {"Available": 21, "StationId": "1134", "Total": 52, "Datetime": "20150523112914"}, {"Available": 22, "StationId": "1134", "Total": 52, "Datetime": "20150523114414"}, {"Available": 20, "StationId": "1134", "Total": 52, "Datetime": "20150523114713"}, {"Available": 19, "StationId": "1134", "Total": 52, "Datetime": "20150523120514"}, {"Available": 18, "StationId": "1134", "Total": 52, "Datetime": "20150523120813"}, {"Available": 17, "StationId": "1134", "Total": 52, "Datetime": "20150523121113"}, {"Available": 18, "StationId": "1134", "Total": 52, "Datetime": "20150523122014"}, {"Available": 17, "StationId": "1134", "Total": 52, "Datetime": "20150523122624"}, {"Available": 21, "StationId": "1134", "Total": 52, "Datetime": "20150523125613"}, {"Available": 24, "StationId": "1134", "Total": 52, "Datetime": "20150523130514"}, {"Available": 22, "StationId": "1134", "Total": 52, "Datetime": "20150523130814"}, {"Available": 21, "StationId": "1134", "Total": 52, "Datetime": "20150523131214"}, {"Available": 22, "StationId": "1134", "Total": 52, "Datetime": "20150523131513"}, {"Available": 24, "StationId": "1134", "Total": 52, "Datetime": "20150523132114"}, {"Available": 25, "StationId": "1134", "Total": 52, "Datetime": "20150523141814"}, {"Available": 26, "StationId": "1134", "Total": 52, "Datetime": "20150523143614"}, {"Available": 25, "StationId": "1134", "Total": 52, "Datetime": "20150523145514"}, {"Available": 23, "StationId": "1134", "Total": 52, "Datetime": "20150523145814"}, {"Available": 22, "StationId": "1134", "Total": 52, "Datetime": "20150523150114"}, {"Available": 20, "StationId": "1134", "Total": 52, "Datetime": "20150523150713"}, {"Available": 19, "StationId": "1134", "Total": 52, "Datetime": "20150523151614"}, {"Available": 22, "StationId": "1134", "Total": 52, "Datetime": "20150523152513"}, {"Available": 23, "StationId": "1134", "Total": 52, "Datetime": "20150523154614"}, {"Available": 22, "StationId": "1134", "Total": 52, "Datetime": "20150523161014"}, {"Available": 21, "StationId": "1134", "Total": 52, "Datetime": "20150523162314"}, {"Available": 23, "StationId": "1134", "Total": 52, "Datetime": "20150523163514"}, {"Available": 25, "StationId": "1134", "Total": 52, "Datetime": "20150523164413"}, {"Available": 26, "StationId": "1134", "Total": 52, "Datetime": "20150523164713"}, {"Available": 27, "StationId": "1134", "Total": 52, "Datetime": "20150523180613"}, {"Available": 26, "StationId": "1134", "Total": 52, "Datetime": "20150523181813"}, {"Available": 25, "StationId": "1134", "Total": 52, "Datetime": "20150523185413"}, {"Available": 26, "StationId": "1134", "Total": 52, "Datetime": "20150523195113"}, {"Available": 27, "StationId": "1134", "Total": 52, "Datetime": "20150523201913"}, {"Available": 26, "StationId": "1134", "Total": 52, "Datetime": "20150523212213"}, {"Available": 27, "StationId": "1134", "Total": 52, "Datetime": "20150523234113"}], "StationId": "1134"}, {"Date": "20150524", "States": [{"Available": 27, "StationId": "1134", "Total": 52, "Datetime": "20150524000228"}, {"Available": 28, "StationId": "1134", "Total": 52, "Datetime": "20150524001714"}, {"Available": 27, "StationId": "1134", "Total": 52, "Datetime": "20150524075037"}, {"Available": 26, "StationId": "1134", "Total": 52, "Datetime": "20150524081536"}, {"Available": 25, "StationId": "1134", "Total": 52, "Datetime": "20150524082136"}, {"Available": 26, "StationId": "1134", "Total": 52, "Datetime": "20150524085436"}, {"Available": 27, "StationId": "1134", "Total": 52, "Datetime": "20150524085736"}, {"Available": 26, "StationId": "1134", "Total": 52, "Datetime": "20150524090336"}, {"Available": 27, "StationId": "1134", "Total": 52, "Datetime": "20150524091837"}, {"Available": 26, "StationId": "1134", "Total": 52, "Datetime": "20150524093036"}, {"Available": 21, "StationId": "1134", "Total": 52, "Datetime": "20150524093336"}, {"Available": 18, "StationId": "1134", "Total": 52, "Datetime": "20150524100337"}, {"Available": 19, "StationId": "1134", "Total": 52, "Datetime": "20150524100637"}, {"Available": 18, "StationId": "1134", "Total": 52, "Datetime": "20150524100937"}, {"Available": 15, "StationId": "1134", "Total": 52, "Datetime": "20150524104938"}, {"Available": 16, "StationId": "1134", "Total": 52, "Datetime": "20150524112237"}, {"Available": 17, "StationId": "1134", "Total": 52, "Datetime": "20150524114037"}, {"Available": 19, "StationId": "1134", "Total": 52, "Datetime": "20150524114337"}, {"Available": 18, "StationId": "1134", "Total": 52, "Datetime": "20150524114937"}, {"Available": 19, "StationId": "1134", "Total": 52, "Datetime": "20150524120737"}, {"Available": 20, "StationId": "1134", "Total": 52, "Datetime": "20150524124136"}, {"Available": 18, "StationId": "1134", "Total": 52, "Datetime": "20150524130236"}, {"Available": 17, "StationId": "1134", "Total": 52, "Datetime": "20150524130836"}, {"Available": 18, "StationId": "1134", "Total": 52, "Datetime": "20150524132036"}, {"Available": 17, "StationId": "1134", "Total": 52, "Datetime": "20150524140236"}, {"Available": 18, "StationId": "1134", "Total": 52, "Datetime": "20150524142036"}, {"Available": 17, "StationId": "1134", "Total": 52, "Datetime": "20150524144537"}, {"Available": 16, "StationId": "1134", "Total": 52, "Datetime": "20150524150037"}, {"Available": 15, "StationId": "1134", "Total": 52, "Datetime": "20150524150637"}, {"Available": 16, "StationId": "1134", "Total": 52, "Datetime": "20150524151537"}, {"Available": 17, "StationId": "1134", "Total": 52, "Datetime": "20150524151836"}, {"Available": 16, "StationId": "1134", "Total": 52, "Datetime": "20150524153337"}, {"Available": 17, "StationId": "1134", "Total": 52, "Datetime": "20150524153937"}, {"Available": 18, "StationId": "1134", "Total": 52, "Datetime": "20150524155137"}, {"Available": 17, "StationId": "1134", "Total": 52, "Datetime": "20150524160337"}, {"Available": 16, "StationId": "1134", "Total": 52, "Datetime": "20150524163336"}, {"Available": 15, "StationId": "1134", "Total": 52, "Datetime": "20150524164536"}, {"Available": 13, "StationId": "1134", "Total": 52, "Datetime": "20150524164836"}, {"Available": 15, "StationId": "1134", "Total": 52, "Datetime": "20150524171337"}, {"Available": 16, "StationId": "1134", "Total": 52, "Datetime": "20150524171636"}, {"Available": 15, "StationId": "1134", "Total": 52, "Datetime": "20150524172236"}, {"Available": 16, "StationId": "1134", "Total": 52, "Datetime": "20150524195336"}, {"Available": 15, "StationId": "1134", "Total": 52, "Datetime": "20150524201737"}, {"Available": 17, "StationId": "1134", "Total": 52, "Datetime": "20150524213637"}, {"Available": 18, "StationId": "1134", "Total": 52, "Datetime": "20150524213936"}, {"Available": 19, "StationId": "1134", "Total": 52, "Datetime": "20150524230336"}, {"Available": 20, "StationId": "1134", "Total": 52, "Datetime": "20150524234937"}], "StationId": "1134"}, {"Date": "20150525", "States": [{"Available": 20, "StationId": "1134", "Total": 52, "Datetime": "20150525000137"}, {"Available": 18, "StationId": "1134", "Total": 52, "Datetime": "20150525011645"}, {"Available": 20, "StationId": "1134", "Total": 52, "Datetime": "20150525030818"}, {"Available": 19, "StationId": "1134", "Total": 52, "Datetime": "20150525052741"}, {"Available": 18, "StationId": "1134", "Total": 52, "Datetime": "20150525072841"}, {"Available": 17, "StationId": "1134", "Total": 52, "Datetime": "20150525073741"}, {"Available": 16, "StationId": "1134", "Total": 52, "Datetime": "20150525074941"}, {"Available": 15, "StationId": "1134", "Total": 52, "Datetime": "20150525075541"}, {"Available": 14, "StationId": "1134", "Total": 52, "Datetime": "20150525082940"}, {"Available": 13, "StationId": "1134", "Total": 52, "Datetime": "20150525083240"}, {"Available": 14, "StationId": "1134", "Total": 52, "Datetime": "20150525084441"}, {"Available": 13, "StationId": "1134", "Total": 52, "Datetime": "20150525104340"}, {"Available": 12, "StationId": "1134", "Total": 52, "Datetime": "20150525104640"}, {"Available": 14, "StationId": "1134", "Total": 52, "Datetime": "20150525104940"}, {"Available": 13, "StationId": "1134", "Total": 52, "Datetime": "20150525120340"}, {"Available": 12, "StationId": "1134", "Total": 52, "Datetime": "20150525122741"}, {"Available": 13, "StationId": "1134", "Total": 52, "Datetime": "20150525125541"}, {"Available": 14, "StationId": "1134", "Total": 52, "Datetime": "20150525130741"}, {"Available": 13, "StationId": "1134", "Total": 52, "Datetime": "20150525134141"}, {"Available": 14, "StationId": "1134", "Total": 52, "Datetime": "20150525135940"}, {"Available": 13, "StationId": "1134", "Total": 52, "Datetime": "20150525140241"}, {"Available": 14, "StationId": "1134", "Total": 52, "Datetime": "20150525141140"}, {"Available": 12, "StationId": "1134", "Total": 52, "Datetime": "20150525141741"}, {"Available": 13, "StationId": "1134", "Total": 52, "Datetime": "20150525142641"}, {"Available": 14, "StationId": "1134", "Total": 52, "Datetime": "20150525143041"}, {"Available": 15, "StationId": "1134", "Total": 52, "Datetime": "20150525150640"}, {"Available": 14, "StationId": "1134", "Total": 52, "Datetime": "20150525151240"}, {"Available": 13, "StationId": "1134", "Total": 52, "Datetime": "20150525151540"}, {"Available": 12, "StationId": "1134", "Total": 52, "Datetime": "20150525151940"}, {"Available": 9, "StationId": "1134", "Total": 52, "Datetime": "20150525152307"}, {"Available": 10, "StationId": "1134", "Total": 52, "Datetime": "20150525154340"}, {"Available": 11, "StationId": "1134", "Total": 52, "Datetime": "20150525154940"}, {"Available": 12, "StationId": "1134", "Total": 52, "Datetime": "20150525155540"}, {"Available": 11, "StationId": "1134", "Total": 52, "Datetime": "20150525160741"}, {"Available": 13, "StationId": "1134", "Total": 52, "Datetime": "20150525163240"}, {"Available": 15, "StationId": "1134", "Total": 52, "Datetime": "20150525163540"}, {"Available": 13, "StationId": "1134", "Total": 52, "Datetime": "20150525163840"}, {"Available": 12, "StationId": "1134", "Total": 52, "Datetime": "20150525164740"}, {"Available": 13, "StationId": "1134", "Total": 52, "Datetime": "20150525171840"}, {"Available": 11, "StationId": "1134", "Total": 52, "Datetime": "20150525172441"}, {"Available": 12, "StationId": "1134", "Total": 52, "Datetime": "20150525173641"}, {"Available": 11, "StationId": "1134", "Total": 52, "Datetime": "20150525174341"}, {"Available": 12, "StationId": "1134", "Total": 52, "Datetime": "20150525174641"}, {"Available": 13, "StationId": "1134", "Total": 52, "Datetime": "20150525174841"}, {"Available": 15, "StationId": "1134", "Total": 52, "Datetime": "20150525175240"}, {"Available": 16, "StationId": "1134", "Total": 52, "Datetime": "20150525175541"}, {"Available": 19, "StationId": "1134", "Total": 52, "Datetime": "20150525180441"}, {"Available": 21, "StationId": "1134", "Total": 52, "Datetime": "20150525181940"}, {"Available": 22, "StationId": "1134", "Total": 52, "Datetime": "20150525183440"}, {"Available": 24, "StationId": "1134", "Total": 52, "Datetime": "20150525183740"}, {"Available": 26, "StationId": "1134", "Total": 52, "Datetime": "20150525184341"}, {"Available": 27, "StationId": "1134", "Total": 52, "Datetime": "20150525185640"}, {"Available": 29, "StationId": "1134", "Total": 52, "Datetime": "20150525190840"}, {"Available": 30, "StationId": "1134", "Total": 52, "Datetime": "20150525191140"}, {"Available": 28, "StationId": "1134", "Total": 52, "Datetime": "20150525192040"}, {"Available": 29, "StationId": "1134", "Total": 52, "Datetime": "20150525192341"}, {"Available": 26, "StationId": "1134", "Total": 52, "Datetime": "20150525192640"}, {"Available": 27, "StationId": "1134", "Total": 52, "Datetime": "20150525193540"}, {"Available": 28, "StationId": "1134", "Total": 52, "Datetime": "20150525193840"}, {"Available": 27, "StationId": "1134", "Total": 52, "Datetime": "20150525194740"}, {"Available": 28, "StationId": "1134", "Total": 52, "Datetime": "20150525195940"}, {"Available": 29, "StationId": "1134", "Total": 52, "Datetime": "20150525200240"}, {"Available": 31, "StationId": "1134", "Total": 52, "Datetime": "20150525200540"}, {"Available": 30, "StationId": "1134", "Total": 52, "Datetime": "20150525200840"}, {"Available": 29, "StationId": "1134", "Total": 52, "Datetime": "20150525201202"}, {"Available": 31, "StationId": "1134", "Total": 52, "Datetime": "20150525201440"}, {"Available": 32, "StationId": "1134", "Total": 52, "Datetime": "20150525203040"}, {"Available": 30, "StationId": "1134", "Total": 52, "Datetime": "20150525203640"}, {"Available": 31, "StationId": "1134", "Total": 52, "Datetime": "20150525203940"}, {"Available": 30, "StationId": "1134", "Total": 52, "Datetime": "20150525204240"}, {"Available": 29, "StationId": "1134", "Total": 52, "Datetime": "20150525204540"}, {"Available": 30, "StationId": "1134", "Total": 52, "Datetime": "20150525205741"}, {"Available": 31, "StationId": "1134", "Total": 52, "Datetime": "20150525210640"}, {"Available": 29, "StationId": "1134", "Total": 52, "Datetime": "20150525211840"}, {"Available": 31, "StationId": "1134", "Total": 52, "Datetime": "20150525212140"}, {"Available": 34, "StationId": "1134", "Total": 52, "Datetime": "20150525213040"}, {"Available": 35, "StationId": "1134", "Total": 52, "Datetime": "20150525215140"}, {"Available": 34, "StationId": "1134", "Total": 52, "Datetime": "20150525220340"}, {"Available": 33, "StationId": "1134", "Total": 52, "Datetime": "20150525221640"}, {"Available": 34, "StationId": "1134", "Total": 52, "Datetime": "20150525223440"}, {"Available": 35, "StationId": "1134", "Total": 52, "Datetime": "20150525224340"}, {"Available": 34, "StationId": "1134", "Total": 52, "Datetime": "20150525224940"}, {"Available": 35, "StationId": "1134", "Total": 52, "Datetime": "20150525225240"}, {"Available": 33, "StationId": "1134", "Total": 52, "Datetime": "20150525225540"}, {"Available": 32, "StationId": "1134", "Total": 52, "Datetime": "20150525230740"}, {"Available": 33, "StationId": "1134", "Total": 52, "Datetime": "20150525231040"}, {"Available": 35, "StationId": "1134", "Total": 52, "Datetime": "20150525231640"}, {"Available": 36, "StationId": "1134", "Total": 52, "Datetime": "20150525231940"}, {"Available": 37, "StationId": "1134", "Total": 52, "Datetime": "20150525232540"}, {"Available": 33, "StationId": "1134", "Total": 52, "Datetime": "20150525233740"}, {"Available": 34, "StationId": "1134", "Total": 52, "Datetime": "20150525235241"}, {"Available": 33, "StationId": "1134", "Total": 52, "Datetime": "20150525235540"}], "StationId": "1134"}, {"Date": "20150526", "States": [{"Available": 34, "StationId": "1134", "Total": 52, "Datetime": "20150526000140"}, {"Available": 31, "StationId": "1134", "Total": 52, "Datetime": "20150526001140"}, {"Available": 34, "StationId": "1134", "Total": 52, "Datetime": "20150526020234"}, {"Available": 35, "StationId": "1134", "Total": 52, "Datetime": "20150526020834"}, {"Available": 38, "StationId": "1134", "Total": 52, "Datetime": "20150526021434"}, {"Available": 37, "StationId": "1134", "Total": 52, "Datetime": "20150526051934"}, {"Available": 38, "StationId": "1134", "Total": 52, "Datetime": "20150526053134"}, {"Available": 37, "StationId": "1134", "Total": 52, "Datetime": "20150526054934"}, {"Available": 38, "StationId": "1134", "Total": 52, "Datetime": "20150526062833"}, {"Available": 37, "StationId": "1134", "Total": 52, "Datetime": "20150526071634"}, {"Available": 36, "StationId": "1134", "Total": 52, "Datetime": "20150526071934"}, {"Available": 35, "StationId": "1134", "Total": 52, "Datetime": "20150526072534"}, {"Available": 33, "StationId": "1134", "Total": 52, "Datetime": "20150526074734"}, {"Available": 32, "StationId": "1134", "Total": 52, "Datetime": "20150526075034"}, {"Available": 31, "StationId": "1134", "Total": 52, "Datetime": "20150526081434"}, {"Available": 30, "StationId": "1134", "Total": 52, "Datetime": "20150526082034"}, {"Available": 29, "StationId": "1134", "Total": 52, "Datetime": "20150526082934"}, {"Available": 28, "StationId": "1134", "Total": 52, "Datetime": "20150526084434"}, {"Available": 29, "StationId": "1134", "Total": 52, "Datetime": "20150526093934"}, {"Available": 28, "StationId": "1134", "Total": 52, "Datetime": "20150526100034"}, {"Available": 27, "StationId": "1134", "Total": 52, "Datetime": "20150526102233"}, {"Available": 26, "StationId": "1134", "Total": 52, "Datetime": "20150526103135"}, {"Available": 25, "StationId": "1134", "Total": 52, "Datetime": "20150526105234"}, {"Available": 26, "StationId": "1134", "Total": 52, "Datetime": "20150526110134"}, {"Available": 25, "StationId": "1134", "Total": 52, "Datetime": "20150526111134"}, {"Available": 26, "StationId": "1134", "Total": 52, "Datetime": "20150526113534"}, {"Available": 27, "StationId": "1134", "Total": 52, "Datetime": "20150526115934"}, {"Available": 26, "StationId": "1134", "Total": 52, "Datetime": "20150526124834"}, {"Available": 27, "StationId": "1134", "Total": 52, "Datetime": "20150526130133"}, {"Available": 28, "StationId": "1134", "Total": 52, "Datetime": "20150526131035"}, {"Available": 27, "StationId": "1134", "Total": 52, "Datetime": "20150526133135"}, {"Available": 28, "StationId": "1134", "Total": 52, "Datetime": "20150526134935"}, {"Available": 27, "StationId": "1134", "Total": 52, "Datetime": "20150526140135"}, {"Available": 26, "StationId": "1134", "Total": 52, "Datetime": "20150526142635"}, {"Available": 27, "StationId": "1134", "Total": 52, "Datetime": "20150526144135"}, {"Available": 28, "StationId": "1134", "Total": 52, "Datetime": "20150526145635"}, {"Available": 29, "StationId": "1134", "Total": 52, "Datetime": "20150526150036"}, {"Available": 30, "StationId": "1134", "Total": 52, "Datetime": "20150526152135"}, {"Available": 31, "StationId": "1134", "Total": 52, "Datetime": "20150526152735"}, {"Available": 30, "StationId": "1134", "Total": 52, "Datetime": "20150526153335"}, {"Available": 31, "StationId": "1134", "Total": 52, "Datetime": "20150526161036"}, {"Available": 32, "StationId": "1134", "Total": 52, "Datetime": "20150526164435"}, {"Available": 31, "StationId": "1134", "Total": 52, "Datetime": "20150526164735"}, {"Available": 32, "StationId": "1134", "Total": 52, "Datetime": "20150526165104"}, {"Available": 34, "StationId": "1134", "Total": 52, "Datetime": "20150526170035"}, {"Available": 36, "StationId": "1134", "Total": 52, "Datetime": "20150526170335"}, {"Available": 38, "StationId": "1134", "Total": 52, "Datetime": "20150526171236"}, {"Available": 39, "StationId": "1134", "Total": 52, "Datetime": "20150526171535"}, {"Available": 40, "StationId": "1134", "Total": 52, "Datetime": "20150526172135"}, {"Available": 41, "StationId": "1134", "Total": 52, "Datetime": "20150526172835"}, {"Available": 40, "StationId": "1134", "Total": 52, "Datetime": "20150526173735"}, {"Available": 38, "StationId": "1134", "Total": 52, "Datetime": "20150526182236"}, {"Available": 30, "StationId": "1134", "Total": 52, "Datetime": "20150526182535"}, {"Available": 26, "StationId": "1134", "Total": 52, "Datetime": "20150526182836"}, {"Available": 25, "StationId": "1134", "Total": 52, "Datetime": "20150526183136"}, {"Available": 26, "StationId": "1134", "Total": 52, "Datetime": "20150526185336"}, {"Available": 27, "StationId": "1134", "Total": 52, "Datetime": "20150526185636"}, {"Available": 26, "StationId": "1134", "Total": 52, "Datetime": "20150526191735"}, {"Available": 27, "StationId": "1134", "Total": 52, "Datetime": "20150526192035"}, {"Available": 28, "StationId": "1134", "Total": 52, "Datetime": "20150526192635"}, {"Available": 26, "StationId": "1134", "Total": 52, "Datetime": "20150526195338"}, {"Available": 27, "StationId": "1134", "Total": 52, "Datetime": "20150526195935"}, {"Available": 24, "StationId": "1134", "Total": 52, "Datetime": "20150526201436"}, {"Available": 25, "StationId": "1134", "Total": 52, "Datetime": "20150526201736"}, {"Available": 28, "StationId": "1134", "Total": 52, "Datetime": "20150526204535"}, {"Available": 29, "StationId": "1134", "Total": 52, "Datetime": "20150526210335"}, {"Available": 30, "StationId": "1134", "Total": 52, "Datetime": "20150526211835"}, {"Available": 29, "StationId": "1134", "Total": 52, "Datetime": "20150526222535"}, {"Available": 28, "StationId": "1134", "Total": 52, "Datetime": "20150526222835"}, {"Available": 27, "StationId": "1134", "Total": 52, "Datetime": "20150526230135"}, {"Available": 28, "StationId": "1134", "Total": 52, "Datetime": "20150526230735"}, {"Available": 30, "StationId": "1134", "Total": 52, "Datetime": "20150526231635"}, {"Available": 31, "StationId": "1134", "Total": 52, "Datetime": "20150526234035"}, {"Available": 32, "StationId": "1134", "Total": 52, "Datetime": "20150526235535"}], "StationId": "1134"}, {"Date": "20150527", "States": [{"Available": 32, "StationId": "1134", "Total": 52, "Datetime": "20150527000236"}, {"Available": 33, "StationId": "1134", "Total": 52, "Datetime": "20150527002336"}, {"Available": 34, "StationId": "1134", "Total": 52, "Datetime": "20150527002636"}, {"Available": 33, "StationId": "1134", "Total": 52, "Datetime": "20150527022738"}, {"Available": 34, "StationId": "1134", "Total": 52, "Datetime": "20150527041615"}, {"Available": 33, "StationId": "1134", "Total": 52, "Datetime": "20150527052915"}, {"Available": 34, "StationId": "1134", "Total": 52, "Datetime": "20150527054715"}, {"Available": 33, "StationId": "1134", "Total": 52, "Datetime": "20150527065315"}, {"Available": 32, "StationId": "1134", "Total": 52, "Datetime": "20150527074815"}, {"Available": 31, "StationId": "1134", "Total": 52, "Datetime": "20150527075415"}, {"Available": 30, "StationId": "1134", "Total": 52, "Datetime": "20150527080615"}, {"Available": 29, "StationId": "1134", "Total": 52, "Datetime": "20150527081215"}, {"Available": 28, "StationId": "1134", "Total": 52, "Datetime": "20150527081515"}, {"Available": 27, "StationId": "1134", "Total": 52, "Datetime": "20150527081815"}, {"Available": 25, "StationId": "1134", "Total": 52, "Datetime": "20150527082415"}, {"Available": 26, "StationId": "1134", "Total": 52, "Datetime": "20150527082715"}, {"Available": 27, "StationId": "1134", "Total": 52, "Datetime": "20150527083015"}, {"Available": 26, "StationId": "1134", "Total": 52, "Datetime": "20150527091315"}, {"Available": 24, "StationId": "1134", "Total": 52, "Datetime": "20150527091915"}, {"Available": 23, "StationId": "1134", "Total": 52, "Datetime": "20150527092515"}, {"Available": 22, "StationId": "1134", "Total": 52, "Datetime": "20150527092815"}, {"Available": 23, "StationId": "1134", "Total": 52, "Datetime": "20150527095915"}, {"Available": 22, "StationId": "1134", "Total": 52, "Datetime": "20150527100815"}, {"Available": 23, "StationId": "1134", "Total": 52, "Datetime": "20150527101715"}, {"Available": 22, "StationId": "1134", "Total": 52, "Datetime": "20150527103615"}, {"Available": 23, "StationId": "1134", "Total": 52, "Datetime": "20150527110315"}, {"Available": 22, "StationId": "1134", "Total": 52, "Datetime": "20150527112815"}, {"Available": 21, "StationId": "1134", "Total": 52, "Datetime": "20150527114614"}, {"Available": 22, "StationId": "1134", "Total": 52, "Datetime": "20150527115314"}], "StationId": "1134"}]