[{"Date": "20150514", "States": [{"Available": 0, "StationId": "1102", "Total": 44, "Datetime": "20150514235620"}], "StationId": "1102"}, {"Date": "20150515", "States": [{"Available": 0, "StationId": "1102", "Total": 44, "Datetime": "20150515000220"}, {"Available": 8, "StationId": "1102", "Total": 44, "Datetime": "20150515010638"}, {"Available": 19, "StationId": "1102", "Total": 44, "Datetime": "20150515010938"}, {"Available": 18, "StationId": "1102", "Total": 44, "Datetime": "20150515011538"}, {"Available": 20, "StationId": "1102", "Total": 44, "Datetime": "20150515030150"}, {"Available": 19, "StationId": "1102", "Total": 44, "Datetime": "20150515063215"}, {"Available": 20, "StationId": "1102", "Total": 44, "Datetime": "20150515070315"}, {"Available": 18, "StationId": "1102", "Total": 44, "Datetime": "20150515070615"}, {"Available": 17, "StationId": "1102", "Total": 44, "Datetime": "20150515075115"}, {"Available": 16, "StationId": "1102", "Total": 44, "Datetime": "20150515080615"}, {"Available": 15, "StationId": "1102", "Total": 44, "Datetime": "20150515081315"}, {"Available": 14, "StationId": "1102", "Total": 44, "Datetime": "20150515082215"}, {"Available": 15, "StationId": "1102", "Total": 44, "Datetime": "20150515084315"}, {"Available": 14, "StationId": "1102", "Total": 44, "Datetime": "20150515085215"}, {"Available": 13, "StationId": "1102", "Total": 44, "Datetime": "20150515091314"}, {"Available": 14, "StationId": "1102", "Total": 44, "Datetime": "20150515094415"}, {"Available": 15, "StationId": "1102", "Total": 44, "Datetime": "20150515095015"}, {"Available": 14, "StationId": "1102", "Total": 44, "Datetime": "20150515100215"}, {"Available": 13, "StationId": "1102", "Total": 44, "Datetime": "20150515101714"}, {"Available": 12, "StationId": "1102", "Total": 44, "Datetime": "20150515102315"}, {"Available": 13, "StationId": "1102", "Total": 44, "Datetime": "20150515103515"}, {"Available": 12, "StationId": "1102", "Total": 44, "Datetime": "20150515104814"}, {"Available": 11, "StationId": "1102", "Total": 44, "Datetime": "20150515112715"}, {"Available": 12, "StationId": "1102", "Total": 44, "Datetime": "20150515113615"}, {"Available": 16, "StationId": "1102", "Total": 44, "Datetime": "20150515115515"}, {"Available": 14, "StationId": "1102", "Total": 44, "Datetime": "20150515122814"}, {"Available": 15, "StationId": "1102", "Total": 44, "Datetime": "20150515123114"}, {"Available": 14, "StationId": "1102", "Total": 44, "Datetime": "20150515124714"}, {"Available": 15, "StationId": "1102", "Total": 44, "Datetime": "20150515140615"}, {"Available": 14, "StationId": "1102", "Total": 44, "Datetime": "20150515140914"}, {"Available": 13, "StationId": "1102", "Total": 44, "Datetime": "20150515150320"}, {"Available": 12, "StationId": "1102", "Total": 44, "Datetime": "20150515151221"}, {"Available": 10, "StationId": "1102", "Total": 44, "Datetime": "20150515153620"}, {"Available": 11, "StationId": "1102", "Total": 44, "Datetime": "20150515153926"}, {"Available": 10, "StationId": "1102", "Total": 44, "Datetime": "20150515154421"}, {"Available": 9, "StationId": "1102", "Total": 44, "Datetime": "20150515154821"}, {"Available": 5, "StationId": "1102", "Total": 44, "Datetime": "20150515160421"}, {"Available": 4, "StationId": "1102", "Total": 44, "Datetime": "20150515160726"}, {"Available": 3, "StationId": "1102", "Total": 44, "Datetime": "20150515161026"}, {"Available": 2, "StationId": "1102", "Total": 44, "Datetime": "20150515161621"}, {"Available": 0, "StationId": "1102", "Total": 44, "Datetime": "20150515162520"}, {"Available": 2, "StationId": "1102", "Total": 44, "Datetime": "20150515162909"}, {"Available": 0, "StationId": "1102", "Total": 44, "Datetime": "20150515163123"}, {"Available": 2, "StationId": "1102", "Total": 44, "Datetime": "20150515172621"}, {"Available": 1, "StationId": "1102", "Total": 44, "Datetime": "20150515173520"}, {"Available": 0, "StationId": "1102", "Total": 44, "Datetime": "20150515173822"}, {"Available": 3, "StationId": "1102", "Total": 44, "Datetime": "20150515174720"}, {"Available": 1, "StationId": "1102", "Total": 44, "Datetime": "20150515175921"}, {"Available": 0, "StationId": "1102", "Total": 44, "Datetime": "20150515180525"}, {"Available": 10, "StationId": "1102", "Total": 44, "Datetime": "20150515183023"}, {"Available": 15, "StationId": "1102", "Total": 44, "Datetime": "20150515183320"}, {"Available": 14, "StationId": "1102", "Total": 44, "Datetime": "20150515184220"}, {"Available": 13, "StationId": "1102", "Total": 44, "Datetime": "20150515185121"}, {"Available": 12, "StationId": "1102", "Total": 44, "Datetime": "20150515185420"}, {"Available": 13, "StationId": "1102", "Total": 44, "Datetime": "20150515190020"}, {"Available": 14, "StationId": "1102", "Total": 44, "Datetime": "20150515190620"}, {"Available": 15, "StationId": "1102", "Total": 44, "Datetime": "20150515191220"}, {"Available": 16, "StationId": "1102", "Total": 44, "Datetime": "20150515192420"}, {"Available": 17, "StationId": "1102", "Total": 44, "Datetime": "20150515192723"}, {"Available": 15, "StationId": "1102", "Total": 44, "Datetime": "20150515194920"}, {"Available": 16, "StationId": "1102", "Total": 44, "Datetime": "20150515195220"}, {"Available": 15, "StationId": "1102", "Total": 44, "Datetime": "20150515195820"}, {"Available": 14, "StationId": "1102", "Total": 44, "Datetime": "20150515200420"}, {"Available": 13, "StationId": "1102", "Total": 44, "Datetime": "20150515201920"}, {"Available": 9, "StationId": "1102", "Total": 44, "Datetime": "20150515202520"}, {"Available": 7, "StationId": "1102", "Total": 44, "Datetime": "20150515203720"}, {"Available": 6, "StationId": "1102", "Total": 44, "Datetime": "20150515204320"}, {"Available": 5, "StationId": "1102", "Total": 44, "Datetime": "20150515205520"}, {"Available": 4, "StationId": "1102", "Total": 44, "Datetime": "20150515210420"}, {"Available": 2, "StationId": "1102", "Total": 44, "Datetime": "20150515211620"}, {"Available": 3, "StationId": "1102", "Total": 44, "Datetime": "20150515212920"}, {"Available": 4, "StationId": "1102", "Total": 44, "Datetime": "20150515213520"}, {"Available": 2, "StationId": "1102", "Total": 44, "Datetime": "20150515214420"}, {"Available": 1, "StationId": "1102", "Total": 44, "Datetime": "20150515215020"}, {"Available": 0, "StationId": "1102", "Total": 44, "Datetime": "20150515220820"}, {"Available": 1, "StationId": "1102", "Total": 44, "Datetime": "20150515224720"}, {"Available": 2, "StationId": "1102", "Total": 44, "Datetime": "20150515234520"}], "StationId": "1102"}, {"Date": "20150516", "States": [{"Available": 2, "StationId": "1102", "Total": 44, "Datetime": "20150516000020"}, {"Available": 3, "StationId": "1102", "Total": 44, "Datetime": "20150516001220"}, {"Available": 2, "StationId": "1102", "Total": 44, "Datetime": "20150516003020"}, {"Available": 1, "StationId": "1102", "Total": 44, "Datetime": "20150516004533"}, {"Available": 0, "StationId": "1102", "Total": 44, "Datetime": "20150516022610"}, {"Available": 10, "StationId": "1102", "Total": 44, "Datetime": "20150516040830"}, {"Available": 11, "StationId": "1102", "Total": 44, "Datetime": "20150516043230"}, {"Available": 10, "StationId": "1102", "Total": 44, "Datetime": "20150516060029"}, {"Available": 8, "StationId": "1102", "Total": 44, "Datetime": "20150516060330"}, {"Available": 7, "StationId": "1102", "Total": 44, "Datetime": "20150516060629"}, {"Available": 6, "StationId": "1102", "Total": 44, "Datetime": "20150516061230"}, {"Available": 5, "StationId": "1102", "Total": 44, "Datetime": "20150516062430"}, {"Available": 6, "StationId": "1102", "Total": 44, "Datetime": "20150516063030"}, {"Available": 7, "StationId": "1102", "Total": 44, "Datetime": "20150516065430"}, {"Available": 8, "StationId": "1102", "Total": 44, "Datetime": "20150516074529"}, {"Available": 9, "StationId": "1102", "Total": 44, "Datetime": "20150516084329"}, {"Available": 10, "StationId": "1102", "Total": 44, "Datetime": "20150516084629"}, {"Available": 9, "StationId": "1102", "Total": 44, "Datetime": "20150516084929"}, {"Available": 8, "StationId": "1102", "Total": 44, "Datetime": "20150516085529"}, {"Available": 5, "StationId": "1102", "Total": 44, "Datetime": "20150516090129"}, {"Available": 4, "StationId": "1102", "Total": 44, "Datetime": "20150516093130"}, {"Available": 3, "StationId": "1102", "Total": 44, "Datetime": "20150516093430"}, {"Available": 2, "StationId": "1102", "Total": 44, "Datetime": "20150516094629"}, {"Available": 1, "StationId": "1102", "Total": 44, "Datetime": "20150516102029"}, {"Available": 2, "StationId": "1102", "Total": 44, "Datetime": "20150516102929"}, {"Available": 1, "StationId": "1102", "Total": 44, "Datetime": "20150516112030"}, {"Available": 2, "StationId": "1102", "Total": 44, "Datetime": "20150516113230"}, {"Available": 0, "StationId": "1102", "Total": 44, "Datetime": "20150516115029"}, {"Available": 1, "StationId": "1102", "Total": 44, "Datetime": "20150516115329"}, {"Available": 2, "StationId": "1102", "Total": 44, "Datetime": "20150516125129"}, {"Available": 1, "StationId": "1102", "Total": 44, "Datetime": "20150516133929"}, {"Available": 2, "StationId": "1102", "Total": 44, "Datetime": "20150516135730"}, {"Available": 1, "StationId": "1102", "Total": 44, "Datetime": "20150516140729"}, {"Available": 0, "StationId": "1102", "Total": 44, "Datetime": "20150516142829"}, {"Available": 1, "StationId": "1102", "Total": 44, "Datetime": "20150516144930"}, {"Available": 12, "StationId": "1102", "Total": 44, "Datetime": "20150516145229"}, {"Available": 16, "StationId": "1102", "Total": 44, "Datetime": "20150516145530"}, {"Available": 17, "StationId": "1102", "Total": 44, "Datetime": "20150516145829"}, {"Available": 18, "StationId": "1102", "Total": 44, "Datetime": "20150516150129"}, {"Available": 17, "StationId": "1102", "Total": 44, "Datetime": "20150516151029"}, {"Available": 18, "StationId": "1102", "Total": 44, "Datetime": "20150516151330"}, {"Available": 17, "StationId": "1102", "Total": 44, "Datetime": "20150516151630"}, {"Available": 16, "StationId": "1102", "Total": 44, "Datetime": "20150516153130"}, {"Available": 19, "StationId": "1102", "Total": 44, "Datetime": "20150516153730"}, {"Available": 20, "StationId": "1102", "Total": 44, "Datetime": "20150516160530"}, {"Available": 18, "StationId": "1102", "Total": 44, "Datetime": "20150516161129"}, {"Available": 17, "StationId": "1102", "Total": 44, "Datetime": "20150516162029"}, {"Available": 16, "StationId": "1102", "Total": 44, "Datetime": "20150516163529"}, {"Available": 17, "StationId": "1102", "Total": 44, "Datetime": "20150516164129"}, {"Available": 18, "StationId": "1102", "Total": 44, "Datetime": "20150516164429"}, {"Available": 15, "StationId": "1102", "Total": 44, "Datetime": "20150516165030"}, {"Available": 14, "StationId": "1102", "Total": 44, "Datetime": "20150516165330"}, {"Available": 12, "StationId": "1102", "Total": 44, "Datetime": "20150516165629"}, {"Available": 13, "StationId": "1102", "Total": 44, "Datetime": "20150516170229"}, {"Available": 14, "StationId": "1102", "Total": 44, "Datetime": "20150516170529"}, {"Available": 13, "StationId": "1102", "Total": 44, "Datetime": "20150516170829"}, {"Available": 16, "StationId": "1102", "Total": 44, "Datetime": "20150516171429"}, {"Available": 14, "StationId": "1102", "Total": 44, "Datetime": "20150516171729"}, {"Available": 13, "StationId": "1102", "Total": 44, "Datetime": "20150516172629"}, {"Available": 10, "StationId": "1102", "Total": 44, "Datetime": "20150516172929"}, {"Available": 8, "StationId": "1102", "Total": 44, "Datetime": "20150516174229"}, {"Available": 9, "StationId": "1102", "Total": 44, "Datetime": "20150516174830"}, {"Available": 10, "StationId": "1102", "Total": 44, "Datetime": "20150516175129"}, {"Available": 13, "StationId": "1102", "Total": 44, "Datetime": "20150516175729"}, {"Available": 14, "StationId": "1102", "Total": 44, "Datetime": "20150516180629"}, {"Available": 13, "StationId": "1102", "Total": 44, "Datetime": "20150516181854"}, {"Available": 12, "StationId": "1102", "Total": 44, "Datetime": "20150516182129"}, {"Available": 13, "StationId": "1102", "Total": 44, "Datetime": "20150516182429"}, {"Available": 10, "StationId": "1102", "Total": 44, "Datetime": "20150516183029"}, {"Available": 12, "StationId": "1102", "Total": 44, "Datetime": "20150516184229"}, {"Available": 13, "StationId": "1102", "Total": 44, "Datetime": "20150516190630"}, {"Available": 12, "StationId": "1102", "Total": 44, "Datetime": "20150516190929"}, {"Available": 11, "StationId": "1102", "Total": 44, "Datetime": "20150516191529"}, {"Available": 10, "StationId": "1102", "Total": 44, "Datetime": "20150516191855"}, {"Available": 11, "StationId": "1102", "Total": 44, "Datetime": "20150516192130"}, {"Available": 10, "StationId": "1102", "Total": 44, "Datetime": "20150516193029"}, {"Available": 9, "StationId": "1102", "Total": 44, "Datetime": "20150516193430"}, {"Available": 10, "StationId": "1102", "Total": 44, "Datetime": "20150516193730"}, {"Available": 9, "StationId": "1102", "Total": 44, "Datetime": "20150516194029"}, {"Available": 16, "StationId": "1102", "Total": 44, "Datetime": "20150516194929"}, {"Available": 25, "StationId": "1102", "Total": 44, "Datetime": "20150516195229"}, {"Available": 22, "StationId": "1102", "Total": 44, "Datetime": "20150516195829"}, {"Available": 23, "StationId": "1102", "Total": 44, "Datetime": "20150516200029"}, {"Available": 22, "StationId": "1102", "Total": 44, "Datetime": "20150516200429"}, {"Available": 21, "StationId": "1102", "Total": 44, "Datetime": "20150516200729"}, {"Available": 20, "StationId": "1102", "Total": 44, "Datetime": "20150516201029"}, {"Available": 18, "StationId": "1102", "Total": 44, "Datetime": "20150516201329"}, {"Available": 19, "StationId": "1102", "Total": 44, "Datetime": "20150516201630"}, {"Available": 18, "StationId": "1102", "Total": 44, "Datetime": "20150516202230"}, {"Available": 17, "StationId": "1102", "Total": 44, "Datetime": "20150516202529"}, {"Available": 18, "StationId": "1102", "Total": 44, "Datetime": "20150516202829"}, {"Available": 17, "StationId": "1102", "Total": 44, "Datetime": "20150516203440"}, {"Available": 15, "StationId": "1102", "Total": 44, "Datetime": "20150516203729"}, {"Available": 13, "StationId": "1102", "Total": 44, "Datetime": "20150516204029"}, {"Available": 15, "StationId": "1102", "Total": 44, "Datetime": "20150516204629"}, {"Available": 14, "StationId": "1102", "Total": 44, "Datetime": "20150516204929"}, {"Available": 12, "StationId": "1102", "Total": 44, "Datetime": "20150516205230"}, {"Available": 11, "StationId": "1102", "Total": 44, "Datetime": "20150516211029"}, {"Available": 12, "StationId": "1102", "Total": 44, "Datetime": "20150516211629"}, {"Available": 10, "StationId": "1102", "Total": 44, "Datetime": "20150516213429"}, {"Available": 9, "StationId": "1102", "Total": 44, "Datetime": "20150516214729"}, {"Available": 8, "StationId": "1102", "Total": 44, "Datetime": "20150516215329"}, {"Available": 7, "StationId": "1102", "Total": 44, "Datetime": "20150516215629"}, {"Available": 5, "StationId": "1102", "Total": 44, "Datetime": "20150516215929"}, {"Available": 4, "StationId": "1102", "Total": 44, "Datetime": "20150516220529"}, {"Available": 5, "StationId": "1102", "Total": 44, "Datetime": "20150516220841"}, {"Available": 4, "StationId": "1102", "Total": 44, "Datetime": "20150516221129"}, {"Available": 5, "StationId": "1102", "Total": 44, "Datetime": "20150516221429"}, {"Available": 4, "StationId": "1102", "Total": 44, "Datetime": "20150516221729"}, {"Available": 5, "StationId": "1102", "Total": 44, "Datetime": "20150516222029"}, {"Available": 2, "StationId": "1102", "Total": 44, "Datetime": "20150516222629"}, {"Available": 1, "StationId": "1102", "Total": 44, "Datetime": "20150516222929"}, {"Available": 0, "StationId": "1102", "Total": 44, "Datetime": "20150516224429"}, {"Available": 1, "StationId": "1102", "Total": 44, "Datetime": "20150516224729"}, {"Available": 2, "StationId": "1102", "Total": 44, "Datetime": "20150516225629"}, {"Available": 3, "StationId": "1102", "Total": 44, "Datetime": "20150516230829"}, {"Available": 2, "StationId": "1102", "Total": 44, "Datetime": "20150516231129"}, {"Available": 1, "StationId": "1102", "Total": 44, "Datetime": "20150516232929"}, {"Available": 0, "StationId": "1102", "Total": 44, "Datetime": "20150516233930"}, {"Available": 1, "StationId": "1102", "Total": 44, "Datetime": "20150516235729"}], "StationId": "1102"}, {"Date": "20150517", "States": [{"Available": 1, "StationId": "1102", "Total": 44, "Datetime": "20150517000029"}, {"Available": 0, "StationId": "1102", "Total": 44, "Datetime": "20150517001529"}, {"Available": 1, "StationId": "1102", "Total": 44, "Datetime": "20150517002129"}, {"Available": 7, "StationId": "1102", "Total": 44, "Datetime": "20150517004229"}, {"Available": 8, "StationId": "1102", "Total": 44, "Datetime": "20150517004829"}, {"Available": 9, "StationId": "1102", "Total": 44, "Datetime": "20150517010319"}, {"Available": 8, "StationId": "1102", "Total": 44, "Datetime": "20150517013119"}, {"Available": 7, "StationId": "1102", "Total": 44, "Datetime": "20150517043837"}, {"Available": 5, "StationId": "1102", "Total": 44, "Datetime": "20150517055437"}, {"Available": 3, "StationId": "1102", "Total": 44, "Datetime": "20150517061237"}, {"Available": 2, "StationId": "1102", "Total": 44, "Datetime": "20150517064536"}, {"Available": 1, "StationId": "1102", "Total": 44, "Datetime": "20150517065137"}, {"Available": 0, "StationId": "1102", "Total": 44, "Datetime": "20150517073336"}, {"Available": 4, "StationId": "1102", "Total": 44, "Datetime": "20150517075436"}, {"Available": 14, "StationId": "1102", "Total": 44, "Datetime": "20150517075736"}, {"Available": 15, "StationId": "1102", "Total": 44, "Datetime": "20150517082236"}, {"Available": 14, "StationId": "1102", "Total": 44, "Datetime": "20150517082836"}, {"Available": 15, "StationId": "1102", "Total": 44, "Datetime": "20150517083137"}, {"Available": 16, "StationId": "1102", "Total": 44, "Datetime": "20150517085237"}, {"Available": 12, "StationId": "1102", "Total": 44, "Datetime": "20150517085536"}, {"Available": 9, "StationId": "1102", "Total": 44, "Datetime": "20150517085839"}, {"Available": 6, "StationId": "1102", "Total": 44, "Datetime": "20150517090136"}, {"Available": 5, "StationId": "1102", "Total": 44, "Datetime": "20150517092236"}, {"Available": 6, "StationId": "1102", "Total": 44, "Datetime": "20150517092837"}, {"Available": 7, "StationId": "1102", "Total": 44, "Datetime": "20150517093736"}, {"Available": 6, "StationId": "1102", "Total": 44, "Datetime": "20150517094936"}, {"Available": 7, "StationId": "1102", "Total": 44, "Datetime": "20150517101436"}, {"Available": 6, "StationId": "1102", "Total": 44, "Datetime": "20150517101737"}, {"Available": 7, "StationId": "1102", "Total": 44, "Datetime": "20150517102036"}, {"Available": 8, "StationId": "1102", "Total": 44, "Datetime": "20150517103837"}, {"Available": 4, "StationId": "1102", "Total": 44, "Datetime": "20150517105336"}, {"Available": 15, "StationId": "1102", "Total": 44, "Datetime": "20150517105636"}, {"Available": 20, "StationId": "1102", "Total": 44, "Datetime": "20150517105936"}, {"Available": 19, "StationId": "1102", "Total": 44, "Datetime": "20150517110236"}, {"Available": 17, "StationId": "1102", "Total": 44, "Datetime": "20150517112337"}, {"Available": 16, "StationId": "1102", "Total": 44, "Datetime": "20150517113536"}, {"Available": 18, "StationId": "1102", "Total": 44, "Datetime": "20150517121237"}, {"Available": 19, "StationId": "1102", "Total": 44, "Datetime": "20150517121838"}, {"Available": 20, "StationId": "1102", "Total": 44, "Datetime": "20150517123036"}, {"Available": 19, "StationId": "1102", "Total": 44, "Datetime": "20150517123336"}, {"Available": 22, "StationId": "1102", "Total": 44, "Datetime": "20150517123936"}, {"Available": 26, "StationId": "1102", "Total": 44, "Datetime": "20150517124236"}, {"Available": 24, "StationId": "1102", "Total": 44, "Datetime": "20150517124836"}, {"Available": 25, "StationId": "1102", "Total": 44, "Datetime": "20150517125136"}, {"Available": 26, "StationId": "1102", "Total": 44, "Datetime": "20150517125436"}, {"Available": 30, "StationId": "1102", "Total": 44, "Datetime": "20150517130637"}, {"Available": 33, "StationId": "1102", "Total": 44, "Datetime": "20150517130937"}, {"Available": 31, "StationId": "1102", "Total": 44, "Datetime": "20150517131236"}, {"Available": 30, "StationId": "1102", "Total": 44, "Datetime": "20150517133037"}, {"Available": 29, "StationId": "1102", "Total": 44, "Datetime": "20150517133637"}, {"Available": 30, "StationId": "1102", "Total": 44, "Datetime": "20150517133937"}, {"Available": 23, "StationId": "1102", "Total": 44, "Datetime": "20150517134536"}, {"Available": 20, "StationId": "1102", "Total": 44, "Datetime": "20150517134836"}, {"Available": 19, "StationId": "1102", "Total": 44, "Datetime": "20150517135236"}, {"Available": 18, "StationId": "1102", "Total": 44, "Datetime": "20150517135836"}, {"Available": 19, "StationId": "1102", "Total": 44, "Datetime": "20150517140136"}, {"Available": 16, "StationId": "1102", "Total": 44, "Datetime": "20150517140436"}, {"Available": 14, "StationId": "1102", "Total": 44, "Datetime": "20150517140737"}, {"Available": 13, "StationId": "1102", "Total": 44, "Datetime": "20150517141037"}, {"Available": 11, "StationId": "1102", "Total": 44, "Datetime": "20150517141937"}, {"Available": 10, "StationId": "1102", "Total": 44, "Datetime": "20150517143736"}, {"Available": 9, "StationId": "1102", "Total": 44, "Datetime": "20150517145837"}, {"Available": 8, "StationId": "1102", "Total": 44, "Datetime": "20150517150136"}, {"Available": 9, "StationId": "1102", "Total": 44, "Datetime": "20150517150437"}, {"Available": 10, "StationId": "1102", "Total": 44, "Datetime": "20150517151036"}, {"Available": 12, "StationId": "1102", "Total": 44, "Datetime": "20150517151937"}, {"Available": 9, "StationId": "1102", "Total": 44, "Datetime": "20150517152836"}, {"Available": 7, "StationId": "1102", "Total": 44, "Datetime": "20150517153137"}, {"Available": 12, "StationId": "1102", "Total": 44, "Datetime": "20150517154036"}, {"Available": 14, "StationId": "1102", "Total": 44, "Datetime": "20150517155036"}, {"Available": 13, "StationId": "1102", "Total": 44, "Datetime": "20150517155336"}, {"Available": 14, "StationId": "1102", "Total": 44, "Datetime": "20150517155636"}, {"Available": 17, "StationId": "1102", "Total": 44, "Datetime": "20150517160236"}, {"Available": 14, "StationId": "1102", "Total": 44, "Datetime": "20150517160536"}, {"Available": 13, "StationId": "1102", "Total": 44, "Datetime": "20150517160837"}, {"Available": 17, "StationId": "1102", "Total": 44, "Datetime": "20150517161136"}, {"Available": 16, "StationId": "1102", "Total": 44, "Datetime": "20150517161436"}, {"Available": 14, "StationId": "1102", "Total": 44, "Datetime": "20150517161737"}, {"Available": 13, "StationId": "1102", "Total": 44, "Datetime": "20150517162036"}, {"Available": 14, "StationId": "1102", "Total": 44, "Datetime": "20150517162337"}, {"Available": 15, "StationId": "1102", "Total": 44, "Datetime": "20150517162637"}, {"Available": 14, "StationId": "1102", "Total": 44, "Datetime": "20150517162936"}, {"Available": 13, "StationId": "1102", "Total": 44, "Datetime": "20150517163236"}, {"Available": 12, "StationId": "1102", "Total": 44, "Datetime": "20150517163536"}, {"Available": 11, "StationId": "1102", "Total": 44, "Datetime": "20150517163837"}, {"Available": 9, "StationId": "1102", "Total": 44, "Datetime": "20150517164205"}, {"Available": 10, "StationId": "1102", "Total": 44, "Datetime": "20150517164437"}, {"Available": 9, "StationId": "1102", "Total": 44, "Datetime": "20150517165336"}, {"Available": 10, "StationId": "1102", "Total": 44, "Datetime": "20150517170836"}, {"Available": 11, "StationId": "1102", "Total": 44, "Datetime": "20150517171136"}, {"Available": 13, "StationId": "1102", "Total": 44, "Datetime": "20150517171436"}, {"Available": 12, "StationId": "1102", "Total": 44, "Datetime": "20150517172036"}, {"Available": 9, "StationId": "1102", "Total": 44, "Datetime": "20150517172336"}, {"Available": 11, "StationId": "1102", "Total": 44, "Datetime": "20150517173036"}, {"Available": 8, "StationId": "1102", "Total": 44, "Datetime": "20150517173336"}, {"Available": 9, "StationId": "1102", "Total": 44, "Datetime": "20150517173936"}, {"Available": 8, "StationId": "1102", "Total": 44, "Datetime": "20150517174236"}, {"Available": 7, "StationId": "1102", "Total": 44, "Datetime": "20150517174836"}, {"Available": 8, "StationId": "1102", "Total": 44, "Datetime": "20150517175136"}, {"Available": 5, "StationId": "1102", "Total": 44, "Datetime": "20150517175736"}, {"Available": 4, "StationId": "1102", "Total": 44, "Datetime": "20150517180036"}, {"Available": 8, "StationId": "1102", "Total": 44, "Datetime": "20150517180636"}, {"Available": 7, "StationId": "1102", "Total": 44, "Datetime": "20150517180936"}, {"Available": 6, "StationId": "1102", "Total": 44, "Datetime": "20150517181836"}, {"Available": 8, "StationId": "1102", "Total": 44, "Datetime": "20150517182436"}, {"Available": 7, "StationId": "1102", "Total": 44, "Datetime": "20150517182736"}, {"Available": 6, "StationId": "1102", "Total": 44, "Datetime": "20150517183036"}, {"Available": 2, "StationId": "1102", "Total": 44, "Datetime": "20150517183636"}, {"Available": 3, "StationId": "1102", "Total": 44, "Datetime": "20150517183936"}, {"Available": 4, "StationId": "1102", "Total": 44, "Datetime": "20150517184236"}, {"Available": 5, "StationId": "1102", "Total": 44, "Datetime": "20150517185136"}, {"Available": 4, "StationId": "1102", "Total": 44, "Datetime": "20150517190636"}, {"Available": 2, "StationId": "1102", "Total": 44, "Datetime": "20150517191636"}, {"Available": 3, "StationId": "1102", "Total": 44, "Datetime": "20150517193736"}, {"Available": 6, "StationId": "1102", "Total": 44, "Datetime": "20150517194036"}, {"Available": 8, "StationId": "1102", "Total": 44, "Datetime": "20150517194336"}, {"Available": 9, "StationId": "1102", "Total": 44, "Datetime": "20150517194936"}, {"Available": 11, "StationId": "1102", "Total": 44, "Datetime": "20150517195235"}, {"Available": 12, "StationId": "1102", "Total": 44, "Datetime": "20150517195537"}, {"Available": 14, "StationId": "1102", "Total": 44, "Datetime": "20150517195836"}, {"Available": 13, "StationId": "1102", "Total": 44, "Datetime": "20150517200136"}, {"Available": 12, "StationId": "1102", "Total": 44, "Datetime": "20150517201036"}, {"Available": 9, "StationId": "1102", "Total": 44, "Datetime": "20150517201636"}, {"Available": 8, "StationId": "1102", "Total": 44, "Datetime": "20150517202236"}, {"Available": 7, "StationId": "1102", "Total": 44, "Datetime": "20150517202536"}, {"Available": 9, "StationId": "1102", "Total": 44, "Datetime": "20150517202836"}, {"Available": 8, "StationId": "1102", "Total": 44, "Datetime": "20150517204336"}, {"Available": 11, "StationId": "1102", "Total": 44, "Datetime": "20150517204636"}, {"Available": 12, "StationId": "1102", "Total": 44, "Datetime": "20150517205236"}, {"Available": 13, "StationId": "1102", "Total": 44, "Datetime": "20150517205536"}, {"Available": 11, "StationId": "1102", "Total": 44, "Datetime": "20150517210736"}, {"Available": 12, "StationId": "1102", "Total": 44, "Datetime": "20150517211036"}, {"Available": 13, "StationId": "1102", "Total": 44, "Datetime": "20150517211336"}, {"Available": 12, "StationId": "1102", "Total": 44, "Datetime": "20150517211736"}, {"Available": 11, "StationId": "1102", "Total": 44, "Datetime": "20150517212036"}, {"Available": 10, "StationId": "1102", "Total": 44, "Datetime": "20150517213236"}, {"Available": 8, "StationId": "1102", "Total": 44, "Datetime": "20150517213536"}, {"Available": 10, "StationId": "1102", "Total": 44, "Datetime": "20150517215036"}, {"Available": 11, "StationId": "1102", "Total": 44, "Datetime": "20150517215636"}, {"Available": 8, "StationId": "1102", "Total": 44, "Datetime": "20150517220836"}, {"Available": 4, "StationId": "1102", "Total": 44, "Datetime": "20150517221136"}, {"Available": 3, "StationId": "1102", "Total": 44, "Datetime": "20150517221436"}, {"Available": 2, "StationId": "1102", "Total": 44, "Datetime": "20150517221736"}, {"Available": 4, "StationId": "1102", "Total": 44, "Datetime": "20150517222336"}, {"Available": 3, "StationId": "1102", "Total": 44, "Datetime": "20150517222636"}, {"Available": 2, "StationId": "1102", "Total": 44, "Datetime": "20150517222936"}, {"Available": 3, "StationId": "1102", "Total": 44, "Datetime": "20150517223536"}, {"Available": 2, "StationId": "1102", "Total": 44, "Datetime": "20150517224736"}, {"Available": 3, "StationId": "1102", "Total": 44, "Datetime": "20150517225036"}, {"Available": 2, "StationId": "1102", "Total": 44, "Datetime": "20150517225936"}, {"Available": 1, "StationId": "1102", "Total": 44, "Datetime": "20150517230236"}, {"Available": 0, "StationId": "1102", "Total": 44, "Datetime": "20150517230537"}, {"Available": 2, "StationId": "1102", "Total": 44, "Datetime": "20150517231836"}, {"Available": 10, "StationId": "1102", "Total": 44, "Datetime": "20150517232136"}, {"Available": 13, "StationId": "1102", "Total": 44, "Datetime": "20150517232442"}, {"Available": 12, "StationId": "1102", "Total": 44, "Datetime": "20150517232736"}, {"Available": 11, "StationId": "1102", "Total": 44, "Datetime": "20150517233036"}, {"Available": 12, "StationId": "1102", "Total": 44, "Datetime": "20150517235136"}], "StationId": "1102"}, {"Date": "20150518", "States": [{"Available": 11, "StationId": "1102", "Total": 44, "Datetime": "20150518000036"}, {"Available": 13, "StationId": "1102", "Total": 44, "Datetime": "20150518000636"}, {"Available": 14, "StationId": "1102", "Total": 44, "Datetime": "20150518004536"}, {"Available": 13, "StationId": "1102", "Total": 44, "Datetime": "20150518005136"}, {"Available": 15, "StationId": "1102", "Total": 44, "Datetime": "20150518010740"}, {"Available": 16, "StationId": "1102", "Total": 44, "Datetime": "20150518024341"}, {"Available": 15, "StationId": "1102", "Total": 44, "Datetime": "20150518041726"}, {"Available": 16, "StationId": "1102", "Total": 44, "Datetime": "20150518043526"}, {"Available": 15, "StationId": "1102", "Total": 44, "Datetime": "20150518054825"}, {"Available": 13, "StationId": "1102", "Total": 44, "Datetime": "20150518061225"}, {"Available": 15, "StationId": "1102", "Total": 44, "Datetime": "20150518061543"}, {"Available": 16, "StationId": "1102", "Total": 44, "Datetime": "20150518063325"}, {"Available": 18, "StationId": "1102", "Total": 44, "Datetime": "20150518064525"}, {"Available": 19, "StationId": "1102", "Total": 44, "Datetime": "20150518071535"}, {"Available": 21, "StationId": "1102", "Total": 44, "Datetime": "20150518073325"}, {"Available": 19, "StationId": "1102", "Total": 44, "Datetime": "20150518074025"}, {"Available": 18, "StationId": "1102", "Total": 44, "Datetime": "20150518075225"}, {"Available": 14, "StationId": "1102", "Total": 44, "Datetime": "20150518075826"}, {"Available": 13, "StationId": "1102", "Total": 44, "Datetime": "20150518080126"}, {"Available": 12, "StationId": "1102", "Total": 44, "Datetime": "20150518083126"}, {"Available": 13, "StationId": "1102", "Total": 44, "Datetime": "20150518084326"}, {"Available": 12, "StationId": "1102", "Total": 44, "Datetime": "20150518090426"}, {"Available": 11, "StationId": "1102", "Total": 44, "Datetime": "20150518092626"}, {"Available": 10, "StationId": "1102", "Total": 44, "Datetime": "20150518093525"}, {"Available": 11, "StationId": "1102", "Total": 44, "Datetime": "20150518094425"}, {"Available": 12, "StationId": "1102", "Total": 44, "Datetime": "20150518095926"}, {"Available": 11, "StationId": "1102", "Total": 44, "Datetime": "20150518102426"}, {"Available": 12, "StationId": "1102", "Total": 44, "Datetime": "20150518102725"}, {"Available": 18, "StationId": "1102", "Total": 44, "Datetime": "20150518112826"}, {"Available": 20, "StationId": "1102", "Total": 44, "Datetime": "20150518113125"}, {"Available": 22, "StationId": "1102", "Total": 44, "Datetime": "20150518120125"}, {"Available": 21, "StationId": "1102", "Total": 44, "Datetime": "20150518120425"}, {"Available": 20, "StationId": "1102", "Total": 44, "Datetime": "20150518121626"}, {"Available": 19, "StationId": "1102", "Total": 44, "Datetime": "20150518122925"}, {"Available": 21, "StationId": "1102", "Total": 44, "Datetime": "20150518124125"}, {"Available": 22, "StationId": "1102", "Total": 44, "Datetime": "20150518125625"}, {"Available": 24, "StationId": "1102", "Total": 44, "Datetime": "20150518125926"}, {"Available": 25, "StationId": "1102", "Total": 44, "Datetime": "20150518130825"}, {"Available": 24, "StationId": "1102", "Total": 44, "Datetime": "20150518131725"}, {"Available": 23, "StationId": "1102", "Total": 44, "Datetime": "20150518132626"}, {"Available": 24, "StationId": "1102", "Total": 44, "Datetime": "20150518134526"}, {"Available": 23, "StationId": "1102", "Total": 44, "Datetime": "20150518135425"}, {"Available": 24, "StationId": "1102", "Total": 44, "Datetime": "20150518135726"}, {"Available": 25, "StationId": "1102", "Total": 44, "Datetime": "20150518140025"}, {"Available": 24, "StationId": "1102", "Total": 44, "Datetime": "20150518140326"}, {"Available": 23, "StationId": "1102", "Total": 44, "Datetime": "20150518140926"}, {"Available": 24, "StationId": "1102", "Total": 44, "Datetime": "20150518141226"}, {"Available": 26, "StationId": "1102", "Total": 44, "Datetime": "20150518141533"}, {"Available": 25, "StationId": "1102", "Total": 44, "Datetime": "20150518142125"}, {"Available": 26, "StationId": "1102", "Total": 44, "Datetime": "20150518142725"}, {"Available": 25, "StationId": "1102", "Total": 44, "Datetime": "20150518143025"}, {"Available": 24, "StationId": "1102", "Total": 44, "Datetime": "20150518143725"}, {"Available": 23, "StationId": "1102", "Total": 44, "Datetime": "20150518144626"}, {"Available": 24, "StationId": "1102", "Total": 44, "Datetime": "20150518145225"}, {"Available": 23, "StationId": "1102", "Total": 44, "Datetime": "20150518153725"}, {"Available": 22, "StationId": "1102", "Total": 44, "Datetime": "20150518155025"}, {"Available": 19, "StationId": "1102", "Total": 44, "Datetime": "20150518160825"}, {"Available": 20, "StationId": "1102", "Total": 44, "Datetime": "20150518161126"}, {"Available": 21, "StationId": "1102", "Total": 44, "Datetime": "20150518161725"}, {"Available": 23, "StationId": "1102", "Total": 44, "Datetime": "20150518162025"}, {"Available": 22, "StationId": "1102", "Total": 44, "Datetime": "20150518162625"}, {"Available": 21, "StationId": "1102", "Total": 44, "Datetime": "20150518163524"}, {"Available": 20, "StationId": "1102", "Total": 44, "Datetime": "20150518164125"}, {"Available": 19, "StationId": "1102", "Total": 44, "Datetime": "20150518164825"}, {"Available": 20, "StationId": "1102", "Total": 44, "Datetime": "20150518165125"}, {"Available": 22, "StationId": "1102", "Total": 44, "Datetime": "20150518165425"}, {"Available": 24, "StationId": "1102", "Total": 44, "Datetime": "20150518165725"}, {"Available": 23, "StationId": "1102", "Total": 44, "Datetime": "20150518170625"}, {"Available": 25, "StationId": "1102", "Total": 44, "Datetime": "20150518170926"}, {"Available": 23, "StationId": "1102", "Total": 44, "Datetime": "20150518171225"}, {"Available": 26, "StationId": "1102", "Total": 44, "Datetime": "20150518171545"}, {"Available": 24, "StationId": "1102", "Total": 44, "Datetime": "20150518172125"}, {"Available": 22, "StationId": "1102", "Total": 44, "Datetime": "20150518172425"}, {"Available": 19, "StationId": "1102", "Total": 44, "Datetime": "20150518172725"}, {"Available": 18, "StationId": "1102", "Total": 44, "Datetime": "20150518173925"}, {"Available": 17, "StationId": "1102", "Total": 44, "Datetime": "20150518180125"}, {"Available": 18, "StationId": "1102", "Total": 44, "Datetime": "20150518180325"}, {"Available": 17, "StationId": "1102", "Total": 44, "Datetime": "20150518181025"}, {"Available": 16, "StationId": "1102", "Total": 44, "Datetime": "20150518181326"}, {"Available": 15, "StationId": "1102", "Total": 44, "Datetime": "20150518181926"}, {"Available": 12, "StationId": "1102", "Total": 44, "Datetime": "20150518184325"}, {"Available": 14, "StationId": "1102", "Total": 44, "Datetime": "20150518184625"}, {"Available": 13, "StationId": "1102", "Total": 44, "Datetime": "20150518184924"}, {"Available": 12, "StationId": "1102", "Total": 44, "Datetime": "20150518185525"}, {"Available": 13, "StationId": "1102", "Total": 44, "Datetime": "20150518191125"}, {"Available": 12, "StationId": "1102", "Total": 44, "Datetime": "20150518191425"}, {"Available": 13, "StationId": "1102", "Total": 44, "Datetime": "20150518191725"}, {"Available": 14, "StationId": "1102", "Total": 44, "Datetime": "20150518192025"}, {"Available": 11, "StationId": "1102", "Total": 44, "Datetime": "20150518192925"}, {"Available": 10, "StationId": "1102", "Total": 44, "Datetime": "20150518193525"}, {"Available": 9, "StationId": "1102", "Total": 44, "Datetime": "20150518193825"}, {"Available": 7, "StationId": "1102", "Total": 44, "Datetime": "20150518194725"}, {"Available": 9, "StationId": "1102", "Total": 44, "Datetime": "20150518195625"}, {"Available": 10, "StationId": "1102", "Total": 44, "Datetime": "20150518201125"}, {"Available": 9, "StationId": "1102", "Total": 44, "Datetime": "20150518201425"}, {"Available": 8, "StationId": "1102", "Total": 44, "Datetime": "20150518201725"}, {"Available": 9, "StationId": "1102", "Total": 44, "Datetime": "20150518202625"}, {"Available": 10, "StationId": "1102", "Total": 44, "Datetime": "20150518202925"}, {"Available": 8, "StationId": "1102", "Total": 44, "Datetime": "20150518203825"}, {"Available": 5, "StationId": "1102", "Total": 44, "Datetime": "20150518204525"}, {"Available": 4, "StationId": "1102", "Total": 44, "Datetime": "20150518205125"}, {"Available": 6, "StationId": "1102", "Total": 44, "Datetime": "20150518205425"}, {"Available": 8, "StationId": "1102", "Total": 44, "Datetime": "20150518210025"}, {"Available": 9, "StationId": "1102", "Total": 44, "Datetime": "20150518211225"}, {"Available": 10, "StationId": "1102", "Total": 44, "Datetime": "20150518211824"}, {"Available": 9, "StationId": "1102", "Total": 44, "Datetime": "20150518212125"}, {"Available": 8, "StationId": "1102", "Total": 44, "Datetime": "20150518212424"}, {"Available": 10, "StationId": "1102", "Total": 44, "Datetime": "20150518212725"}, {"Available": 13, "StationId": "1102", "Total": 44, "Datetime": "20150518213325"}, {"Available": 12, "StationId": "1102", "Total": 44, "Datetime": "20150518213625"}, {"Available": 14, "StationId": "1102", "Total": 44, "Datetime": "20150518213925"}, {"Available": 13, "StationId": "1102", "Total": 44, "Datetime": "20150518214225"}, {"Available": 15, "StationId": "1102", "Total": 44, "Datetime": "20150518214825"}, {"Available": 13, "StationId": "1102", "Total": 44, "Datetime": "20150518215125"}, {"Available": 11, "StationId": "1102", "Total": 44, "Datetime": "20150518215725"}, {"Available": 12, "StationId": "1102", "Total": 44, "Datetime": "20150518220325"}, {"Available": 14, "StationId": "1102", "Total": 44, "Datetime": "20150518220925"}, {"Available": 15, "StationId": "1102", "Total": 44, "Datetime": "20150518222225"}, {"Available": 17, "StationId": "1102", "Total": 44, "Datetime": "20150518223425"}, {"Available": 13, "StationId": "1102", "Total": 44, "Datetime": "20150518223725"}, {"Available": 12, "StationId": "1102", "Total": 44, "Datetime": "20150518224325"}, {"Available": 11, "StationId": "1102", "Total": 44, "Datetime": "20150518224925"}, {"Available": 12, "StationId": "1102", "Total": 44, "Datetime": "20150518225524"}, {"Available": 13, "StationId": "1102", "Total": 44, "Datetime": "20150518230425"}, {"Available": 12, "StationId": "1102", "Total": 44, "Datetime": "20150518230725"}, {"Available": 14, "StationId": "1102", "Total": 44, "Datetime": "20150518231025"}, {"Available": 15, "StationId": "1102", "Total": 44, "Datetime": "20150518232825"}, {"Available": 14, "StationId": "1102", "Total": 44, "Datetime": "20150518233125"}, {"Available": 15, "StationId": "1102", "Total": 44, "Datetime": "20150518233725"}, {"Available": 13, "StationId": "1102", "Total": 44, "Datetime": "20150518234325"}, {"Available": 14, "StationId": "1102", "Total": 44, "Datetime": "20150518234925"}], "StationId": "1102"}, {"Date": "20150519", "States": [{"Available": 14, "StationId": "1102", "Total": 44, "Datetime": "20150519000125"}, {"Available": 16, "StationId": "1102", "Total": 44, "Datetime": "20150519001025"}, {"Available": 19, "StationId": "1102", "Total": 44, "Datetime": "20150519001425"}, {"Available": 18, "StationId": "1102", "Total": 44, "Datetime": "20150519002625"}, {"Available": 17, "StationId": "1102", "Total": 44, "Datetime": "20150519004724"}, {"Available": 19, "StationId": "1102", "Total": 44, "Datetime": "20150519005024"}, {"Available": 21, "StationId": "1102", "Total": 44, "Datetime": "20150519022258"}, {"Available": 22, "StationId": "1102", "Total": 44, "Datetime": "20150519052231"}, {"Available": 21, "StationId": "1102", "Total": 44, "Datetime": "20150519060131"}, {"Available": 20, "StationId": "1102", "Total": 44, "Datetime": "20150519063731"}, {"Available": 21, "StationId": "1102", "Total": 44, "Datetime": "20150519064331"}, {"Available": 23, "StationId": "1102", "Total": 44, "Datetime": "20150519065231"}, {"Available": 22, "StationId": "1102", "Total": 44, "Datetime": "20150519065831"}, {"Available": 21, "StationId": "1102", "Total": 44, "Datetime": "20150519072030"}, {"Available": 22, "StationId": "1102", "Total": 44, "Datetime": "20150519072930"}, {"Available": 21, "StationId": "1102", "Total": 44, "Datetime": "20150519074130"}, {"Available": 20, "StationId": "1102", "Total": 44, "Datetime": "20150519074430"}, {"Available": 19, "StationId": "1102", "Total": 44, "Datetime": "20150519074731"}, {"Available": 21, "StationId": "1102", "Total": 44, "Datetime": "20150519075031"}, {"Available": 20, "StationId": "1102", "Total": 44, "Datetime": "20150519075931"}, {"Available": 19, "StationId": "1102", "Total": 44, "Datetime": "20150519080231"}, {"Available": 18, "StationId": "1102", "Total": 44, "Datetime": "20150519083830"}, {"Available": 19, "StationId": "1102", "Total": 44, "Datetime": "20150519084430"}, {"Available": 20, "StationId": "1102", "Total": 44, "Datetime": "20150519085330"}, {"Available": 19, "StationId": "1102", "Total": 44, "Datetime": "20150519090230"}, {"Available": 20, "StationId": "1102", "Total": 44, "Datetime": "20150519090530"}, {"Available": 21, "StationId": "1102", "Total": 44, "Datetime": "20150519091230"}, {"Available": 20, "StationId": "1102", "Total": 44, "Datetime": "20150519091530"}, {"Available": 21, "StationId": "1102", "Total": 44, "Datetime": "20150519092431"}, {"Available": 20, "StationId": "1102", "Total": 44, "Datetime": "20150519092731"}, {"Available": 19, "StationId": "1102", "Total": 44, "Datetime": "20150519093331"}, {"Available": 20, "StationId": "1102", "Total": 44, "Datetime": "20150519103730"}, {"Available": 19, "StationId": "1102", "Total": 44, "Datetime": "20150519104031"}, {"Available": 17, "StationId": "1102", "Total": 44, "Datetime": "20150519104330"}, {"Available": 16, "StationId": "1102", "Total": 44, "Datetime": "20150519110430"}, {"Available": 15, "StationId": "1102", "Total": 44, "Datetime": "20150519111031"}, {"Available": 14, "StationId": "1102", "Total": 44, "Datetime": "20150519111730"}, {"Available": 13, "StationId": "1102", "Total": 44, "Datetime": "20150519113230"}, {"Available": 14, "StationId": "1102", "Total": 44, "Datetime": "20150519113830"}, {"Available": 13, "StationId": "1102", "Total": 44, "Datetime": "20150519114130"}, {"Available": 11, "StationId": "1102", "Total": 44, "Datetime": "20150519114431"}, {"Available": 14, "StationId": "1102", "Total": 44, "Datetime": "20150519115331"}, {"Available": 16, "StationId": "1102", "Total": 44, "Datetime": "20150519115930"}, {"Available": 15, "StationId": "1102", "Total": 44, "Datetime": "20150519122418"}, {"Available": 17, "StationId": "1102", "Total": 44, "Datetime": "20150519130127"}, {"Available": 18, "StationId": "1102", "Total": 44, "Datetime": "20150519133432"}, {"Available": 17, "StationId": "1102", "Total": 44, "Datetime": "20150519134332"}, {"Available": 18, "StationId": "1102", "Total": 44, "Datetime": "20150519134631"}, {"Available": 19, "StationId": "1102", "Total": 44, "Datetime": "20150519135332"}, {"Available": 18, "StationId": "1102", "Total": 44, "Datetime": "20150519140831"}, {"Available": 17, "StationId": "1102", "Total": 44, "Datetime": "20150519141131"}, {"Available": 18, "StationId": "1102", "Total": 44, "Datetime": "20150519141450"}, {"Available": 19, "StationId": "1102", "Total": 44, "Datetime": "20150519144432"}, {"Available": 20, "StationId": "1102", "Total": 44, "Datetime": "20150519151832"}, {"Available": 19, "StationId": "1102", "Total": 44, "Datetime": "20150519160632"}, {"Available": 17, "StationId": "1102", "Total": 44, "Datetime": "20150519160932"}, {"Available": 16, "StationId": "1102", "Total": 44, "Datetime": "20150519161232"}, {"Available": 14, "StationId": "1102", "Total": 44, "Datetime": "20150519162231"}, {"Available": 16, "StationId": "1102", "Total": 44, "Datetime": "20150519162532"}, {"Available": 18, "StationId": "1102", "Total": 44, "Datetime": "20150519162832"}, {"Available": 21, "StationId": "1102", "Total": 44, "Datetime": "20150519163132"}, {"Available": 22, "StationId": "1102", "Total": 44, "Datetime": "20150519163431"}, {"Available": 20, "StationId": "1102", "Total": 44, "Datetime": "20150519163732"}, {"Available": 19, "StationId": "1102", "Total": 44, "Datetime": "20150519164932"}, {"Available": 20, "StationId": "1102", "Total": 44, "Datetime": "20150519170132"}, {"Available": 18, "StationId": "1102", "Total": 44, "Datetime": "20150519171031"}, {"Available": 19, "StationId": "1102", "Total": 44, "Datetime": "20150519171500"}, {"Available": 18, "StationId": "1102", "Total": 44, "Datetime": "20150519172032"}, {"Available": 19, "StationId": "1102", "Total": 44, "Datetime": "20150519172631"}, {"Available": 21, "StationId": "1102", "Total": 44, "Datetime": "20150519173831"}, {"Available": 22, "StationId": "1102", "Total": 44, "Datetime": "20150519174131"}, {"Available": 23, "StationId": "1102", "Total": 44, "Datetime": "20150519174731"}, {"Available": 24, "StationId": "1102", "Total": 44, "Datetime": "20150519175031"}, {"Available": 19, "StationId": "1102", "Total": 44, "Datetime": "20150519175332"}, {"Available": 17, "StationId": "1102", "Total": 44, "Datetime": "20150519175732"}, {"Available": 14, "StationId": "1102", "Total": 44, "Datetime": "20150519180031"}, {"Available": 13, "StationId": "1102", "Total": 44, "Datetime": "20150519181231"}, {"Available": 9, "StationId": "1102", "Total": 44, "Datetime": "20150519181532"}, {"Available": 7, "StationId": "1102", "Total": 44, "Datetime": "20150519181831"}, {"Available": 8, "StationId": "1102", "Total": 44, "Datetime": "20150519182733"}, {"Available": 7, "StationId": "1102", "Total": 44, "Datetime": "20150519184532"}, {"Available": 6, "StationId": "1102", "Total": 44, "Datetime": "20150519185131"}, {"Available": 7, "StationId": "1102", "Total": 44, "Datetime": "20150519185432"}, {"Available": 8, "StationId": "1102", "Total": 44, "Datetime": "20150519185732"}, {"Available": 10, "StationId": "1102", "Total": 44, "Datetime": "20150519190732"}, {"Available": 13, "StationId": "1102", "Total": 44, "Datetime": "20150519191031"}, {"Available": 15, "StationId": "1102", "Total": 44, "Datetime": "20150519191632"}, {"Available": 16, "StationId": "1102", "Total": 44, "Datetime": "20150519191934"}, {"Available": 13, "StationId": "1102", "Total": 44, "Datetime": "20150519192531"}, {"Available": 10, "StationId": "1102", "Total": 44, "Datetime": "20150519192831"}, {"Available": 8, "StationId": "1102", "Total": 44, "Datetime": "20150519193131"}, {"Available": 9, "StationId": "1102", "Total": 44, "Datetime": "20150519193731"}, {"Available": 8, "StationId": "1102", "Total": 44, "Datetime": "20150519194331"}, {"Available": 7, "StationId": "1102", "Total": 44, "Datetime": "20150519194631"}, {"Available": 8, "StationId": "1102", "Total": 44, "Datetime": "20150519195231"}, {"Available": 6, "StationId": "1102", "Total": 44, "Datetime": "20150519195831"}, {"Available": 5, "StationId": "1102", "Total": 44, "Datetime": "20150519200431"}, {"Available": 6, "StationId": "1102", "Total": 44, "Datetime": "20150519200732"}, {"Available": 5, "StationId": "1102", "Total": 44, "Datetime": "20150519201331"}, {"Available": 3, "StationId": "1102", "Total": 44, "Datetime": "20150519201631"}, {"Available": 4, "StationId": "1102", "Total": 44, "Datetime": "20150519202231"}, {"Available": 6, "StationId": "1102", "Total": 44, "Datetime": "20150519203131"}, {"Available": 8, "StationId": "1102", "Total": 44, "Datetime": "20150519203531"}, {"Available": 6, "StationId": "1102", "Total": 44, "Datetime": "20150519203831"}, {"Available": 5, "StationId": "1102", "Total": 44, "Datetime": "20150519204131"}, {"Available": 2, "StationId": "1102", "Total": 44, "Datetime": "20150519204432"}, {"Available": 3, "StationId": "1102", "Total": 44, "Datetime": "20150519205031"}, {"Available": 4, "StationId": "1102", "Total": 44, "Datetime": "20150519205331"}, {"Available": 3, "StationId": "1102", "Total": 44, "Datetime": "20150519210231"}, {"Available": 11, "StationId": "1102", "Total": 44, "Datetime": "20150519211453"}, {"Available": 10, "StationId": "1102", "Total": 44, "Datetime": "20150519211732"}, {"Available": 9, "StationId": "1102", "Total": 44, "Datetime": "20150519212033"}, {"Available": 10, "StationId": "1102", "Total": 44, "Datetime": "20150519213532"}, {"Available": 8, "StationId": "1102", "Total": 44, "Datetime": "20150519214132"}, {"Available": 7, "StationId": "1102", "Total": 44, "Datetime": "20150519214432"}, {"Available": 6, "StationId": "1102", "Total": 44, "Datetime": "20150519214731"}, {"Available": 7, "StationId": "1102", "Total": 44, "Datetime": "20150519215031"}, {"Available": 8, "StationId": "1102", "Total": 44, "Datetime": "20150519215331"}, {"Available": 7, "StationId": "1102", "Total": 44, "Datetime": "20150519215631"}, {"Available": 8, "StationId": "1102", "Total": 44, "Datetime": "20150519220231"}, {"Available": 7, "StationId": "1102", "Total": 44, "Datetime": "20150519221131"}, {"Available": 8, "StationId": "1102", "Total": 44, "Datetime": "20150519221446"}, {"Available": 6, "StationId": "1102", "Total": 44, "Datetime": "20150519222031"}, {"Available": 5, "StationId": "1102", "Total": 44, "Datetime": "20150519222631"}, {"Available": 4, "StationId": "1102", "Total": 44, "Datetime": "20150519230631"}, {"Available": 1, "StationId": "1102", "Total": 44, "Datetime": "20150519231231"}, {"Available": 2, "StationId": "1102", "Total": 44, "Datetime": "20150519232731"}], "StationId": "1102"}, {"Date": "20150520", "States": [{"Available": 2, "StationId": "1102", "Total": 44, "Datetime": "20150520000031"}, {"Available": 1, "StationId": "1102", "Total": 44, "Datetime": "20150520000631"}, {"Available": 3, "StationId": "1102", "Total": 44, "Datetime": "20150520001231"}, {"Available": 1, "StationId": "1102", "Total": 44, "Datetime": "20150520001531"}, {"Available": 5, "StationId": "1102", "Total": 44, "Datetime": "20150520002839"}, {"Available": 6, "StationId": "1102", "Total": 44, "Datetime": "20150520011915"}, {"Available": 5, "StationId": "1102", "Total": 44, "Datetime": "20150520054840"}, {"Available": 6, "StationId": "1102", "Total": 44, "Datetime": "20150520060340"}, {"Available": 5, "StationId": "1102", "Total": 44, "Datetime": "20150520062440"}, {"Available": 6, "StationId": "1102", "Total": 44, "Datetime": "20150520065740"}, {"Available": 7, "StationId": "1102", "Total": 44, "Datetime": "20150520070739"}, {"Available": 8, "StationId": "1102", "Total": 44, "Datetime": "20150520073439"}, {"Available": 7, "StationId": "1102", "Total": 44, "Datetime": "20150520093939"}, {"Available": 6, "StationId": "1102", "Total": 44, "Datetime": "20150520120339"}, {"Available": 7, "StationId": "1102", "Total": 44, "Datetime": "20150520131339"}, {"Available": 6, "StationId": "1102", "Total": 44, "Datetime": "20150520161939"}, {"Available": 4, "StationId": "1102", "Total": 44, "Datetime": "20150520170239"}, {"Available": 3, "StationId": "1102", "Total": 44, "Datetime": "20150520173339"}, {"Available": 2, "StationId": "1102", "Total": 44, "Datetime": "20150520173839"}, {"Available": 3, "StationId": "1102", "Total": 44, "Datetime": "20150520174539"}, {"Available": 2, "StationId": "1102", "Total": 44, "Datetime": "20150520174839"}, {"Available": 1, "StationId": "1102", "Total": 44, "Datetime": "20150520175439"}, {"Available": 7, "StationId": "1102", "Total": 44, "Datetime": "20150520180951"}, {"Available": 15, "StationId": "1102", "Total": 44, "Datetime": "20150520181239"}, {"Available": 16, "StationId": "1102", "Total": 44, "Datetime": "20150520183039"}, {"Available": 17, "StationId": "1102", "Total": 44, "Datetime": "20150520185539"}, {"Available": 18, "StationId": "1102", "Total": 44, "Datetime": "20150520195839"}, {"Available": 17, "StationId": "1102", "Total": 44, "Datetime": "20150520205639"}, {"Available": 16, "StationId": "1102", "Total": 44, "Datetime": "20150520212940"}, {"Available": 17, "StationId": "1102", "Total": 44, "Datetime": "20150520214540"}, {"Available": 16, "StationId": "1102", "Total": 44, "Datetime": "20150520222439"}, {"Available": 15, "StationId": "1102", "Total": 44, "Datetime": "20150520223039"}, {"Available": 16, "StationId": "1102", "Total": 44, "Datetime": "20150520223639"}, {"Available": 15, "StationId": "1102", "Total": 44, "Datetime": "20150520230649"}, {"Available": 14, "StationId": "1102", "Total": 44, "Datetime": "20150520232539"}, {"Available": 13, "StationId": "1102", "Total": 44, "Datetime": "20150520235839"}], "StationId": "1102"}, {"Date": "20150521", "States": [{"Available": 13, "StationId": "1102", "Total": 44, "Datetime": "20150521000139"}, {"Available": 12, "StationId": "1102", "Total": 44, "Datetime": "20150521002839"}, {"Available": 13, "StationId": "1102", "Total": 44, "Datetime": "20150521005539"}, {"Available": 12, "StationId": "1102", "Total": 44, "Datetime": "20150521064936"}, {"Available": 11, "StationId": "1102", "Total": 44, "Datetime": "20150521065836"}, {"Available": 12, "StationId": "1102", "Total": 44, "Datetime": "20150521071936"}, {"Available": 11, "StationId": "1102", "Total": 44, "Datetime": "20150521082936"}, {"Available": 10, "StationId": "1102", "Total": 44, "Datetime": "20150521083236"}, {"Available": 11, "StationId": "1102", "Total": 44, "Datetime": "20150521084736"}, {"Available": 10, "StationId": "1102", "Total": 44, "Datetime": "20150521090636"}, {"Available": 9, "StationId": "1102", "Total": 44, "Datetime": "20150521092436"}, {"Available": 7, "StationId": "1102", "Total": 44, "Datetime": "20150521093335"}, {"Available": 8, "StationId": "1102", "Total": 44, "Datetime": "20150521094235"}, {"Available": 7, "StationId": "1102", "Total": 44, "Datetime": "20150521094835"}, {"Available": 9, "StationId": "1102", "Total": 44, "Datetime": "20150521095235"}, {"Available": 13, "StationId": "1102", "Total": 44, "Datetime": "20150521095535"}, {"Available": 12, "StationId": "1102", "Total": 44, "Datetime": "20150521100436"}, {"Available": 11, "StationId": "1102", "Total": 44, "Datetime": "20150521101045"}, {"Available": 12, "StationId": "1102", "Total": 44, "Datetime": "20150521101335"}, {"Available": 11, "StationId": "1102", "Total": 44, "Datetime": "20150521101935"}, {"Available": 12, "StationId": "1102", "Total": 44, "Datetime": "20150521105635"}, {"Available": 10, "StationId": "1102", "Total": 44, "Datetime": "20150521114835"}, {"Available": 8, "StationId": "1102", "Total": 44, "Datetime": "20150521115435"}, {"Available": 7, "StationId": "1102", "Total": 44, "Datetime": "20150521130435"}, {"Available": 6, "StationId": "1102", "Total": 44, "Datetime": "20150521131046"}, {"Available": 7, "StationId": "1102", "Total": 44, "Datetime": "20150521131336"}, {"Available": 6, "StationId": "1102", "Total": 44, "Datetime": "20150521132635"}, {"Available": 5, "StationId": "1102", "Total": 44, "Datetime": "20150521133235"}, {"Available": 6, "StationId": "1102", "Total": 44, "Datetime": "20150521133535"}, {"Available": 7, "StationId": "1102", "Total": 44, "Datetime": "20150521140535"}, {"Available": 6, "StationId": "1102", "Total": 44, "Datetime": "20150521152836"}, {"Available": 5, "StationId": "1102", "Total": 44, "Datetime": "20150521153436"}, {"Available": 7, "StationId": "1102", "Total": 44, "Datetime": "20150521153735"}, {"Available": 5, "StationId": "1102", "Total": 44, "Datetime": "20150521160435"}, {"Available": 4, "StationId": "1102", "Total": 44, "Datetime": "20150521162335"}, {"Available": 3, "StationId": "1102", "Total": 44, "Datetime": "20150521163235"}, {"Available": 4, "StationId": "1102", "Total": 44, "Datetime": "20150521163535"}, {"Available": 7, "StationId": "1102", "Total": 44, "Datetime": "20150521163836"}, {"Available": 6, "StationId": "1102", "Total": 44, "Datetime": "20150521164736"}, {"Available": 7, "StationId": "1102", "Total": 44, "Datetime": "20150521165035"}, {"Available": 6, "StationId": "1102", "Total": 44, "Datetime": "20150521165936"}, {"Available": 5, "StationId": "1102", "Total": 44, "Datetime": "20150521170235"}, {"Available": 6, "StationId": "1102", "Total": 44, "Datetime": "20150521172735"}, {"Available": 3, "StationId": "1102", "Total": 44, "Datetime": "20150521174835"}, {"Available": 4, "StationId": "1102", "Total": 44, "Datetime": "20150521175135"}, {"Available": 3, "StationId": "1102", "Total": 44, "Datetime": "20150521175435"}, {"Available": 2, "StationId": "1102", "Total": 44, "Datetime": "20150521175735"}, {"Available": 0, "StationId": "1102", "Total": 44, "Datetime": "20150521181536"}, {"Available": 1, "StationId": "1102", "Total": 44, "Datetime": "20150521182535"}, {"Available": 0, "StationId": "1102", "Total": 44, "Datetime": "20150521183136"}, {"Available": 1, "StationId": "1102", "Total": 44, "Datetime": "20150521183735"}, {"Available": 0, "StationId": "1102", "Total": 44, "Datetime": "20150521184036"}, {"Available": 1, "StationId": "1102", "Total": 44, "Datetime": "20150521184335"}, {"Available": 3, "StationId": "1102", "Total": 44, "Datetime": "20150521184935"}, {"Available": 4, "StationId": "1102", "Total": 44, "Datetime": "20150521185235"}, {"Available": 6, "StationId": "1102", "Total": 44, "Datetime": "20150521185536"}, {"Available": 5, "StationId": "1102", "Total": 44, "Datetime": "20150521185836"}, {"Available": 3, "StationId": "1102", "Total": 44, "Datetime": "20150521191043"}, {"Available": 2, "StationId": "1102", "Total": 44, "Datetime": "20150521191336"}, {"Available": 1, "StationId": "1102", "Total": 44, "Datetime": "20150521191935"}, {"Available": 0, "StationId": "1102", "Total": 44, "Datetime": "20150521195335"}, {"Available": 1, "StationId": "1102", "Total": 44, "Datetime": "20150521201135"}, {"Available": 0, "StationId": "1102", "Total": 44, "Datetime": "20150521202635"}, {"Available": 8, "StationId": "1102", "Total": 44, "Datetime": "20150521202935"}, {"Available": 14, "StationId": "1102", "Total": 44, "Datetime": "20150521203236"}, {"Available": 13, "StationId": "1102", "Total": 44, "Datetime": "20150521203535"}, {"Available": 12, "StationId": "1102", "Total": 44, "Datetime": "20150521203835"}, {"Available": 13, "StationId": "1102", "Total": 44, "Datetime": "20150521204136"}, {"Available": 14, "StationId": "1102", "Total": 44, "Datetime": "20150521204735"}, {"Available": 11, "StationId": "1102", "Total": 44, "Datetime": "20150521205336"}, {"Available": 10, "StationId": "1102", "Total": 44, "Datetime": "20150521205636"}, {"Available": 9, "StationId": "1102", "Total": 44, "Datetime": "20150521205936"}, {"Available": 8, "StationId": "1102", "Total": 44, "Datetime": "20150521210235"}, {"Available": 9, "StationId": "1102", "Total": 44, "Datetime": "20150521210535"}, {"Available": 10, "StationId": "1102", "Total": 44, "Datetime": "20150521211135"}, {"Available": 13, "StationId": "1102", "Total": 44, "Datetime": "20150521211435"}, {"Available": 14, "StationId": "1102", "Total": 44, "Datetime": "20150521211835"}, {"Available": 13, "StationId": "1102", "Total": 44, "Datetime": "20150521212135"}, {"Available": 12, "StationId": "1102", "Total": 44, "Datetime": "20150521213035"}, {"Available": 13, "StationId": "1102", "Total": 44, "Datetime": "20150521215135"}, {"Available": 11, "StationId": "1102", "Total": 44, "Datetime": "20150521215435"}, {"Available": 10, "StationId": "1102", "Total": 44, "Datetime": "20150521220035"}, {"Available": 9, "StationId": "1102", "Total": 44, "Datetime": "20150521220335"}, {"Available": 10, "StationId": "1102", "Total": 44, "Datetime": "20150521221235"}, {"Available": 11, "StationId": "1102", "Total": 44, "Datetime": "20150521221535"}, {"Available": 10, "StationId": "1102", "Total": 44, "Datetime": "20150521222435"}, {"Available": 9, "StationId": "1102", "Total": 44, "Datetime": "20150521223935"}, {"Available": 8, "StationId": "1102", "Total": 44, "Datetime": "20150521224535"}, {"Available": 7, "StationId": "1102", "Total": 44, "Datetime": "20150521224835"}, {"Available": 8, "StationId": "1102", "Total": 44, "Datetime": "20150521230435"}, {"Available": 7, "StationId": "1102", "Total": 44, "Datetime": "20150521231935"}, {"Available": 6, "StationId": "1102", "Total": 44, "Datetime": "20150521232535"}], "StationId": "1102"}, {"Date": "20150522", "States": [{"Available": 6, "StationId": "1102", "Total": 44, "Datetime": "20150522000135"}, {"Available": 5, "StationId": "1102", "Total": 44, "Datetime": "20150522003135"}, {"Available": 4, "StationId": "1102", "Total": 44, "Datetime": "20150522003735"}, {"Available": 3, "StationId": "1102", "Total": 44, "Datetime": "20150522004035"}, {"Available": 2, "StationId": "1102", "Total": 44, "Datetime": "20150522004335"}, {"Available": 1, "StationId": "1102", "Total": 44, "Datetime": "20150522005639"}, {"Available": 3, "StationId": "1102", "Total": 44, "Datetime": "20150522051632"}, {"Available": 6, "StationId": "1102", "Total": 44, "Datetime": "20150522051932"}, {"Available": 5, "StationId": "1102", "Total": 44, "Datetime": "20150522062831"}, {"Available": 4, "StationId": "1102", "Total": 44, "Datetime": "20150522063731"}, {"Available": 5, "StationId": "1102", "Total": 44, "Datetime": "20150522064031"}, {"Available": 4, "StationId": "1102", "Total": 44, "Datetime": "20150522064631"}, {"Available": 5, "StationId": "1102", "Total": 44, "Datetime": "20150522065931"}, {"Available": 4, "StationId": "1102", "Total": 44, "Datetime": "20150522070231"}, {"Available": 3, "StationId": "1102", "Total": 44, "Datetime": "20150522070531"}, {"Available": 4, "StationId": "1102", "Total": 44, "Datetime": "20150522071431"}, {"Available": 5, "StationId": "1102", "Total": 44, "Datetime": "20150522072631"}, {"Available": 6, "StationId": "1102", "Total": 44, "Datetime": "20150522074431"}, {"Available": 7, "StationId": "1102", "Total": 44, "Datetime": "20150522075332"}, {"Available": 4, "StationId": "1102", "Total": 44, "Datetime": "20150522075632"}, {"Available": 5, "StationId": "1102", "Total": 44, "Datetime": "20150522075932"}, {"Available": 4, "StationId": "1102", "Total": 44, "Datetime": "20150522080832"}, {"Available": 3, "StationId": "1102", "Total": 44, "Datetime": "20150522081132"}, {"Available": 2, "StationId": "1102", "Total": 44, "Datetime": "20150522081432"}, {"Available": 1, "StationId": "1102", "Total": 44, "Datetime": "20150522083932"}, {"Available": 2, "StationId": "1102", "Total": 44, "Datetime": "20150522084832"}, {"Available": 1, "StationId": "1102", "Total": 44, "Datetime": "20150522085432"}, {"Available": 0, "StationId": "1102", "Total": 44, "Datetime": "20150522091831"}, {"Available": 1, "StationId": "1102", "Total": 44, "Datetime": "20150522092131"}, {"Available": 0, "StationId": "1102", "Total": 44, "Datetime": "20150522093731"}, {"Available": 1, "StationId": "1102", "Total": 44, "Datetime": "20150522094931"}, {"Available": 0, "StationId": "1102", "Total": 44, "Datetime": "20150522100432"}, {"Available": 1, "StationId": "1102", "Total": 44, "Datetime": "20150522100732"}, {"Available": 3, "StationId": "1102", "Total": 44, "Datetime": "20150522101932"}, {"Available": 10, "StationId": "1102", "Total": 44, "Datetime": "20150522102231"}, {"Available": 16, "StationId": "1102", "Total": 44, "Datetime": "20150522102532"}, {"Available": 14, "StationId": "1102", "Total": 44, "Datetime": "20150522103532"}, {"Available": 15, "StationId": "1102", "Total": 44, "Datetime": "20150522105633"}, {"Available": 14, "StationId": "1102", "Total": 44, "Datetime": "20150522110532"}, {"Available": 15, "StationId": "1102", "Total": 44, "Datetime": "20150522113931"}, {"Available": 16, "StationId": "1102", "Total": 44, "Datetime": "20150522140331"}, {"Available": 15, "StationId": "1102", "Total": 44, "Datetime": "20150522144531"}, {"Available": 14, "StationId": "1102", "Total": 44, "Datetime": "20150522144931"}, {"Available": 12, "StationId": "1102", "Total": 44, "Datetime": "20150522145531"}, {"Available": 13, "StationId": "1102", "Total": 44, "Datetime": "20150522151631"}, {"Available": 12, "StationId": "1102", "Total": 44, "Datetime": "20150522155331"}, {"Available": 11, "StationId": "1102", "Total": 44, "Datetime": "20150522155932"}, {"Available": 10, "StationId": "1102", "Total": 44, "Datetime": "20150522160232"}, {"Available": 9, "StationId": "1102", "Total": 44, "Datetime": "20150522161132"}, {"Available": 10, "StationId": "1102", "Total": 44, "Datetime": "20150522161431"}, {"Available": 11, "StationId": "1102", "Total": 44, "Datetime": "20150522162631"}, {"Available": 10, "StationId": "1102", "Total": 44, "Datetime": "20150522163032"}, {"Available": 11, "StationId": "1102", "Total": 44, "Datetime": "20150522164232"}, {"Available": 13, "StationId": "1102", "Total": 44, "Datetime": "20150522164600"}, {"Available": 12, "StationId": "1102", "Total": 44, "Datetime": "20150522164831"}, {"Available": 14, "StationId": "1102", "Total": 44, "Datetime": "20150522165732"}, {"Available": 12, "StationId": "1102", "Total": 44, "Datetime": "20150522170031"}, {"Available": 11, "StationId": "1102", "Total": 44, "Datetime": "20150522170331"}, {"Available": 10, "StationId": "1102", "Total": 44, "Datetime": "20150522171531"}, {"Available": 9, "StationId": "1102", "Total": 44, "Datetime": "20150522173431"}, {"Available": 7, "StationId": "1102", "Total": 44, "Datetime": "20150522174331"}, {"Available": 4, "StationId": "1102", "Total": 44, "Datetime": "20150522174631"}, {"Available": 3, "StationId": "1102", "Total": 44, "Datetime": "20150522174931"}, {"Available": 2, "StationId": "1102", "Total": 44, "Datetime": "20150522180131"}, {"Available": 1, "StationId": "1102", "Total": 44, "Datetime": "20150522181331"}, {"Available": 2, "StationId": "1102", "Total": 44, "Datetime": "20150522182231"}, {"Available": 3, "StationId": "1102", "Total": 44, "Datetime": "20150522182831"}, {"Available": 2, "StationId": "1102", "Total": 44, "Datetime": "20150522183132"}, {"Available": 4, "StationId": "1102", "Total": 44, "Datetime": "20150522183532"}, {"Available": 2, "StationId": "1102", "Total": 44, "Datetime": "20150522184131"}, {"Available": 1, "StationId": "1102", "Total": 44, "Datetime": "20150522184732"}, {"Available": 2, "StationId": "1102", "Total": 44, "Datetime": "20150522185631"}, {"Available": 3, "StationId": "1102", "Total": 44, "Datetime": "20150522191131"}, {"Available": 2, "StationId": "1102", "Total": 44, "Datetime": "20150522191431"}, {"Available": 3, "StationId": "1102", "Total": 44, "Datetime": "20150522191731"}, {"Available": 0, "StationId": "1102", "Total": 44, "Datetime": "20150522192032"}, {"Available": 1, "StationId": "1102", "Total": 44, "Datetime": "20150522192331"}, {"Available": 0, "StationId": "1102", "Total": 44, "Datetime": "20150522192632"}, {"Available": 3, "StationId": "1102", "Total": 44, "Datetime": "20150522193231"}, {"Available": 6, "StationId": "1102", "Total": 44, "Datetime": "20150522194731"}, {"Available": 10, "StationId": "1102", "Total": 44, "Datetime": "20150522195032"}, {"Available": 11, "StationId": "1102", "Total": 44, "Datetime": "20150522195331"}, {"Available": 10, "StationId": "1102", "Total": 44, "Datetime": "20150522200931"}, {"Available": 11, "StationId": "1102", "Total": 44, "Datetime": "20150522202732"}, {"Available": 12, "StationId": "1102", "Total": 44, "Datetime": "20150522203031"}, {"Available": 11, "StationId": "1102", "Total": 44, "Datetime": "20150522203332"}, {"Available": 10, "StationId": "1102", "Total": 44, "Datetime": "20150522203931"}, {"Available": 8, "StationId": "1102", "Total": 44, "Datetime": "20150522204831"}, {"Available": 9, "StationId": "1102", "Total": 44, "Datetime": "20150522205131"}, {"Available": 10, "StationId": "1102", "Total": 44, "Datetime": "20150522205432"}, {"Available": 11, "StationId": "1102", "Total": 44, "Datetime": "20150522205732"}, {"Available": 10, "StationId": "1102", "Total": 44, "Datetime": "20150522213431"}, {"Available": 11, "StationId": "1102", "Total": 44, "Datetime": "20150522220731"}, {"Available": 12, "StationId": "1102", "Total": 44, "Datetime": "20150522221631"}, {"Available": 11, "StationId": "1102", "Total": 44, "Datetime": "20150522232931"}, {"Available": 10, "StationId": "1102", "Total": 44, "Datetime": "20150522233231"}, {"Available": 8, "StationId": "1102", "Total": 44, "Datetime": "20150522233530"}, {"Available": 6, "StationId": "1102", "Total": 44, "Datetime": "20150522234431"}, {"Available": 5, "StationId": "1102", "Total": 44, "Datetime": "20150522234731"}, {"Available": 6, "StationId": "1102", "Total": 44, "Datetime": "20150522235631"}], "StationId": "1102"}, {"Date": "20150523", "States": [{"Available": 6, "StationId": "1102", "Total": 44, "Datetime": "20150523000231"}, {"Available": 5, "StationId": "1102", "Total": 44, "Datetime": "20150523013618"}, {"Available": 4, "StationId": "1102", "Total": 44, "Datetime": "20150523021846"}, {"Available": 7, "StationId": "1102", "Total": 44, "Datetime": "20150523042224"}, {"Available": 6, "StationId": "1102", "Total": 44, "Datetime": "20150523044324"}, {"Available": 5, "StationId": "1102", "Total": 44, "Datetime": "20150523051124"}, {"Available": 4, "StationId": "1102", "Total": 44, "Datetime": "20150523065024"}, {"Available": 3, "StationId": "1102", "Total": 44, "Datetime": "20150523070824"}, {"Available": 2, "StationId": "1102", "Total": 44, "Datetime": "20150523072024"}, {"Available": 3, "StationId": "1102", "Total": 44, "Datetime": "20150523073224"}, {"Available": 4, "StationId": "1102", "Total": 44, "Datetime": "20150523080324"}, {"Available": 3, "StationId": "1102", "Total": 44, "Datetime": "20150523082424"}, {"Available": 4, "StationId": "1102", "Total": 44, "Datetime": "20150523084524"}, {"Available": 5, "StationId": "1102", "Total": 44, "Datetime": "20150523084824"}, {"Available": 6, "StationId": "1102", "Total": 44, "Datetime": "20150523085424"}, {"Available": 4, "StationId": "1102", "Total": 44, "Datetime": "20150523092424"}, {"Available": 3, "StationId": "1102", "Total": 44, "Datetime": "20150523093724"}, {"Available": 2, "StationId": "1102", "Total": 44, "Datetime": "20150523094024"}, {"Available": 1, "StationId": "1102", "Total": 44, "Datetime": "20150523095224"}, {"Available": 2, "StationId": "1102", "Total": 44, "Datetime": "20150523095531"}, {"Available": 1, "StationId": "1102", "Total": 44, "Datetime": "20150523100724"}, {"Available": 0, "StationId": "1102", "Total": 44, "Datetime": "20150523101623"}, {"Available": 1, "StationId": "1102", "Total": 44, "Datetime": "20150523103724"}, {"Available": 2, "StationId": "1102", "Total": 44, "Datetime": "20150523104024"}, {"Available": 3, "StationId": "1102", "Total": 44, "Datetime": "20150523104624"}, {"Available": 1, "StationId": "1102", "Total": 44, "Datetime": "20150523105523"}, {"Available": 0, "StationId": "1102", "Total": 44, "Datetime": "20150523110123"}, {"Available": 3, "StationId": "1102", "Total": 44, "Datetime": "20150523111323"}, {"Available": 4, "StationId": "1102", "Total": 44, "Datetime": "20150523111923"}, {"Available": 5, "StationId": "1102", "Total": 44, "Datetime": "20150523112223"}, {"Available": 6, "StationId": "1102", "Total": 44, "Datetime": "20150523113523"}, {"Available": 7, "StationId": "1102", "Total": 44, "Datetime": "20150523114123"}, {"Available": 6, "StationId": "1102", "Total": 44, "Datetime": "20150523114423"}, {"Available": 7, "StationId": "1102", "Total": 44, "Datetime": "20150523114723"}, {"Available": 4, "StationId": "1102", "Total": 44, "Datetime": "20150523121723"}, {"Available": 6, "StationId": "1102", "Total": 44, "Datetime": "20150523123223"}, {"Available": 5, "StationId": "1102", "Total": 44, "Datetime": "20150523123523"}, {"Available": 6, "StationId": "1102", "Total": 44, "Datetime": "20150523123823"}, {"Available": 4, "StationId": "1102", "Total": 44, "Datetime": "20150523124424"}, {"Available": 3, "StationId": "1102", "Total": 44, "Datetime": "20150523125023"}, {"Available": 2, "StationId": "1102", "Total": 44, "Datetime": "20150523125624"}, {"Available": 1, "StationId": "1102", "Total": 44, "Datetime": "20150523125924"}, {"Available": 5, "StationId": "1102", "Total": 44, "Datetime": "20150523130524"}, {"Available": 7, "StationId": "1102", "Total": 44, "Datetime": "20150523130823"}, {"Available": 8, "StationId": "1102", "Total": 44, "Datetime": "20150523131223"}, {"Available": 7, "StationId": "1102", "Total": 44, "Datetime": "20150523131523"}, {"Available": 6, "StationId": "1102", "Total": 44, "Datetime": "20150523131823"}, {"Available": 7, "StationId": "1102", "Total": 44, "Datetime": "20150523133024"}, {"Available": 6, "StationId": "1102", "Total": 44, "Datetime": "20150523133623"}, {"Available": 5, "StationId": "1102", "Total": 44, "Datetime": "20150523133923"}, {"Available": 3, "StationId": "1102", "Total": 44, "Datetime": "20150523134223"}, {"Available": 4, "StationId": "1102", "Total": 44, "Datetime": "20150523134524"}, {"Available": 3, "StationId": "1102", "Total": 44, "Datetime": "20150523135123"}, {"Available": 2, "StationId": "1102", "Total": 44, "Datetime": "20150523140024"}, {"Available": 3, "StationId": "1102", "Total": 44, "Datetime": "20150523140324"}, {"Available": 2, "StationId": "1102", "Total": 44, "Datetime": "20150523140623"}, {"Available": 3, "StationId": "1102", "Total": 44, "Datetime": "20150523140924"}, {"Available": 2, "StationId": "1102", "Total": 44, "Datetime": "20150523141823"}, {"Available": 1, "StationId": "1102", "Total": 44, "Datetime": "20150523142723"}, {"Available": 2, "StationId": "1102", "Total": 44, "Datetime": "20150523143023"}, {"Available": 1, "StationId": "1102", "Total": 44, "Datetime": "20150523143323"}, {"Available": 2, "StationId": "1102", "Total": 44, "Datetime": "20150523144523"}, {"Available": 1, "StationId": "1102", "Total": 44, "Datetime": "20150523150123"}, {"Available": 3, "StationId": "1102", "Total": 44, "Datetime": "20150523150723"}, {"Available": 4, "StationId": "1102", "Total": 44, "Datetime": "20150523151023"}, {"Available": 3, "StationId": "1102", "Total": 44, "Datetime": "20150523152223"}, {"Available": 2, "StationId": "1102", "Total": 44, "Datetime": "20150523152523"}, {"Available": 9, "StationId": "1102", "Total": 44, "Datetime": "20150523155523"}, {"Available": 16, "StationId": "1102", "Total": 44, "Datetime": "20150523155823"}, {"Available": 17, "StationId": "1102", "Total": 44, "Datetime": "20150523160723"}, {"Available": 16, "StationId": "1102", "Total": 44, "Datetime": "20150523172623"}, {"Available": 17, "StationId": "1102", "Total": 44, "Datetime": "20150523175323"}, {"Available": 16, "StationId": "1102", "Total": 44, "Datetime": "20150523180023"}, {"Available": 15, "StationId": "1102", "Total": 44, "Datetime": "20150523181823"}, {"Available": 16, "StationId": "1102", "Total": 44, "Datetime": "20150523182723"}, {"Available": 15, "StationId": "1102", "Total": 44, "Datetime": "20150523183323"}, {"Available": 14, "StationId": "1102", "Total": 44, "Datetime": "20150523184223"}, {"Available": 13, "StationId": "1102", "Total": 44, "Datetime": "20150523185724"}, {"Available": 12, "StationId": "1102", "Total": 44, "Datetime": "20150523190023"}, {"Available": 10, "StationId": "1102", "Total": 44, "Datetime": "20150523190923"}, {"Available": 11, "StationId": "1102", "Total": 44, "Datetime": "20150523193923"}, {"Available": 10, "StationId": "1102", "Total": 44, "Datetime": "20150523201323"}, {"Available": 9, "StationId": "1102", "Total": 44, "Datetime": "20150523213423"}], "StationId": "1102"}, {"Date": "20150524", "States": [{"Available": 10, "StationId": "1102", "Total": 44, "Datetime": "20150524000223"}, {"Available": 9, "StationId": "1102", "Total": 44, "Datetime": "20150524003322"}, {"Available": 8, "StationId": "1102", "Total": 44, "Datetime": "20150524024538"}, {"Available": 7, "StationId": "1102", "Total": 44, "Datetime": "20150524051636"}, {"Available": 6, "StationId": "1102", "Total": 44, "Datetime": "20150524074136"}, {"Available": 4, "StationId": "1102", "Total": 44, "Datetime": "20150524090935"}, {"Available": 3, "StationId": "1102", "Total": 44, "Datetime": "20150524091536"}, {"Available": 2, "StationId": "1102", "Total": 44, "Datetime": "20150524092136"}, {"Available": 3, "StationId": "1102", "Total": 44, "Datetime": "20150524092436"}, {"Available": 2, "StationId": "1102", "Total": 44, "Datetime": "20150524103736"}, {"Available": 10, "StationId": "1102", "Total": 44, "Datetime": "20150524104936"}, {"Available": 16, "StationId": "1102", "Total": 44, "Datetime": "20150524105236"}, {"Available": 15, "StationId": "1102", "Total": 44, "Datetime": "20150524112835"}, {"Available": 16, "StationId": "1102", "Total": 44, "Datetime": "20150524113435"}, {"Available": 15, "StationId": "1102", "Total": 44, "Datetime": "20150524120435"}, {"Available": 14, "StationId": "1102", "Total": 44, "Datetime": "20150524122635"}, {"Available": 13, "StationId": "1102", "Total": 44, "Datetime": "20150524122935"}, {"Available": 11, "StationId": "1102", "Total": 44, "Datetime": "20150524123235"}, {"Available": 12, "StationId": "1102", "Total": 44, "Datetime": "20150524123835"}, {"Available": 13, "StationId": "1102", "Total": 44, "Datetime": "20150524125635"}, {"Available": 12, "StationId": "1102", "Total": 44, "Datetime": "20150524131735"}, {"Available": 11, "StationId": "1102", "Total": 44, "Datetime": "20150524134735"}, {"Available": 13, "StationId": "1102", "Total": 44, "Datetime": "20150524142935"}, {"Available": 14, "StationId": "1102", "Total": 44, "Datetime": "20150524143835"}, {"Available": 13, "StationId": "1102", "Total": 44, "Datetime": "20150524150336"}, {"Available": 14, "StationId": "1102", "Total": 44, "Datetime": "20150524151235"}, {"Available": 13, "StationId": "1102", "Total": 44, "Datetime": "20150524184935"}, {"Available": 12, "StationId": "1102", "Total": 44, "Datetime": "20150524192335"}, {"Available": 11, "StationId": "1102", "Total": 44, "Datetime": "20150524192935"}, {"Available": 12, "StationId": "1102", "Total": 44, "Datetime": "20150524194135"}, {"Available": 11, "StationId": "1102", "Total": 44, "Datetime": "20150524195335"}, {"Available": 10, "StationId": "1102", "Total": 44, "Datetime": "20150524201435"}, {"Available": 11, "StationId": "1102", "Total": 44, "Datetime": "20150524201735"}, {"Available": 9, "StationId": "1102", "Total": 44, "Datetime": "20150524210535"}, {"Available": 8, "StationId": "1102", "Total": 44, "Datetime": "20150524210835"}, {"Available": 10, "StationId": "1102", "Total": 44, "Datetime": "20150524212335"}, {"Available": 9, "StationId": "1102", "Total": 44, "Datetime": "20150524220935"}, {"Available": 8, "StationId": "1102", "Total": 44, "Datetime": "20150524224835"}, {"Available": 7, "StationId": "1102", "Total": 44, "Datetime": "20150524234335"}], "StationId": "1102"}, {"Date": "20150525", "States": [{"Available": 7, "StationId": "1102", "Total": 44, "Datetime": "20150525000135"}, {"Available": 6, "StationId": "1102", "Total": 44, "Datetime": "20150525004335"}, {"Available": 7, "StationId": "1102", "Total": 44, "Datetime": "20150525013743"}, {"Available": 6, "StationId": "1102", "Total": 44, "Datetime": "20150525015042"}, {"Available": 7, "StationId": "1102", "Total": 44, "Datetime": "20150525024441"}, {"Available": 8, "StationId": "1102", "Total": 44, "Datetime": "20150525035342"}, {"Available": 9, "StationId": "1102", "Total": 44, "Datetime": "20150525052442"}, {"Available": 8, "StationId": "1102", "Total": 44, "Datetime": "20150525053642"}, {"Available": 9, "StationId": "1102", "Total": 44, "Datetime": "20150525054842"}, {"Available": 8, "StationId": "1102", "Total": 44, "Datetime": "20150525062542"}, {"Available": 9, "StationId": "1102", "Total": 44, "Datetime": "20150525064942"}, {"Available": 10, "StationId": "1102", "Total": 44, "Datetime": "20150525071041"}, {"Available": 11, "StationId": "1102", "Total": 44, "Datetime": "20150525073742"}, {"Available": 10, "StationId": "1102", "Total": 44, "Datetime": "20150525075541"}, {"Available": 11, "StationId": "1102", "Total": 44, "Datetime": "20150525075842"}, {"Available": 9, "StationId": "1102", "Total": 44, "Datetime": "20150525083542"}, {"Available": 8, "StationId": "1102", "Total": 44, "Datetime": "20150525084142"}, {"Available": 7, "StationId": "1102", "Total": 44, "Datetime": "20150525084442"}, {"Available": 6, "StationId": "1102", "Total": 44, "Datetime": "20150525084742"}, {"Available": 7, "StationId": "1102", "Total": 44, "Datetime": "20150525085342"}, {"Available": 6, "StationId": "1102", "Total": 44, "Datetime": "20150525091442"}, {"Available": 7, "StationId": "1102", "Total": 44, "Datetime": "20150525092742"}, {"Available": 6, "StationId": "1102", "Total": 44, "Datetime": "20150525093642"}, {"Available": 7, "StationId": "1102", "Total": 44, "Datetime": "20150525095442"}, {"Available": 8, "StationId": "1102", "Total": 44, "Datetime": "20150525095742"}, {"Available": 9, "StationId": "1102", "Total": 44, "Datetime": "20150525100342"}, {"Available": 8, "StationId": "1102", "Total": 44, "Datetime": "20150525102242"}, {"Available": 7, "StationId": "1102", "Total": 44, "Datetime": "20150525102542"}, {"Available": 6, "StationId": "1102", "Total": 44, "Datetime": "20150525111442"}, {"Available": 5, "StationId": "1102", "Total": 44, "Datetime": "20150525112341"}, {"Available": 6, "StationId": "1102", "Total": 44, "Datetime": "20150525113541"}, {"Available": 7, "StationId": "1102", "Total": 44, "Datetime": "20150525124041"}, {"Available": 8, "StationId": "1102", "Total": 44, "Datetime": "20150525124641"}, {"Available": 7, "StationId": "1102", "Total": 44, "Datetime": "20150525125242"}, {"Available": 6, "StationId": "1102", "Total": 44, "Datetime": "20150525132241"}, {"Available": 8, "StationId": "1102", "Total": 44, "Datetime": "20150525132841"}, {"Available": 7, "StationId": "1102", "Total": 44, "Datetime": "20150525134741"}, {"Available": 6, "StationId": "1102", "Total": 44, "Datetime": "20150525142641"}, {"Available": 7, "StationId": "1102", "Total": 44, "Datetime": "20150525145141"}, {"Available": 6, "StationId": "1102", "Total": 44, "Datetime": "20150525154341"}, {"Available": 7, "StationId": "1102", "Total": 44, "Datetime": "20150525154941"}, {"Available": 8, "StationId": "1102", "Total": 44, "Datetime": "20150525155241"}, {"Available": 6, "StationId": "1102", "Total": 44, "Datetime": "20150525160441"}, {"Available": 5, "StationId": "1102", "Total": 44, "Datetime": "20150525161441"}, {"Available": 7, "StationId": "1102", "Total": 44, "Datetime": "20150525162341"}, {"Available": 9, "StationId": "1102", "Total": 44, "Datetime": "20150525164141"}, {"Available": 8, "StationId": "1102", "Total": 44, "Datetime": "20150525165742"}, {"Available": 9, "StationId": "1102", "Total": 44, "Datetime": "20150525170641"}, {"Available": 10, "StationId": "1102", "Total": 44, "Datetime": "20150525170941"}, {"Available": 8, "StationId": "1102", "Total": 44, "Datetime": "20150525171241"}, {"Available": 6, "StationId": "1102", "Total": 44, "Datetime": "20150525172141"}, {"Available": 8, "StationId": "1102", "Total": 44, "Datetime": "20150525172741"}, {"Available": 9, "StationId": "1102", "Total": 44, "Datetime": "20150525173341"}, {"Available": 7, "StationId": "1102", "Total": 44, "Datetime": "20150525173641"}, {"Available": 10, "StationId": "1102", "Total": 44, "Datetime": "20150525173941"}, {"Available": 11, "StationId": "1102", "Total": 44, "Datetime": "20150525174641"}, {"Available": 12, "StationId": "1102", "Total": 44, "Datetime": "20150525175241"}, {"Available": 8, "StationId": "1102", "Total": 44, "Datetime": "20150525181342"}, {"Available": 7, "StationId": "1102", "Total": 44, "Datetime": "20150525181642"}, {"Available": 5, "StationId": "1102", "Total": 44, "Datetime": "20150525181942"}, {"Available": 4, "StationId": "1102", "Total": 44, "Datetime": "20150525182242"}, {"Available": 3, "StationId": "1102", "Total": 44, "Datetime": "20150525182541"}, {"Available": 4, "StationId": "1102", "Total": 44, "Datetime": "20150525182841"}, {"Available": 5, "StationId": "1102", "Total": 44, "Datetime": "20150525183141"}, {"Available": 6, "StationId": "1102", "Total": 44, "Datetime": "20150525183741"}, {"Available": 4, "StationId": "1102", "Total": 44, "Datetime": "20150525184041"}, {"Available": 3, "StationId": "1102", "Total": 44, "Datetime": "20150525185342"}, {"Available": 2, "StationId": "1102", "Total": 44, "Datetime": "20150525185942"}, {"Available": 1, "StationId": "1102", "Total": 44, "Datetime": "20150525190542"}, {"Available": 0, "StationId": "1102", "Total": 44, "Datetime": "20150525191141"}, {"Available": 1, "StationId": "1102", "Total": 44, "Datetime": "20150525192641"}, {"Available": 0, "StationId": "1102", "Total": 44, "Datetime": "20150525192941"}, {"Available": 3, "StationId": "1102", "Total": 44, "Datetime": "20150525195341"}, {"Available": 14, "StationId": "1102", "Total": 44, "Datetime": "20150525195641"}, {"Available": 13, "StationId": "1102", "Total": 44, "Datetime": "20150525200241"}, {"Available": 14, "StationId": "1102", "Total": 44, "Datetime": "20150525200841"}, {"Available": 13, "StationId": "1102", "Total": 44, "Datetime": "20150525201741"}, {"Available": 14, "StationId": "1102", "Total": 44, "Datetime": "20150525203041"}, {"Available": 13, "StationId": "1102", "Total": 44, "Datetime": "20150525203642"}, {"Available": 12, "StationId": "1102", "Total": 44, "Datetime": "20150525204843"}, {"Available": 10, "StationId": "1102", "Total": 44, "Datetime": "20150525205142"}, {"Available": 9, "StationId": "1102", "Total": 44, "Datetime": "20150525205441"}, {"Available": 8, "StationId": "1102", "Total": 44, "Datetime": "20150525205741"}, {"Available": 7, "StationId": "1102", "Total": 44, "Datetime": "20150525210941"}, {"Available": 8, "StationId": "1102", "Total": 44, "Datetime": "20150525211241"}, {"Available": 7, "StationId": "1102", "Total": 44, "Datetime": "20150525211541"}, {"Available": 8, "StationId": "1102", "Total": 44, "Datetime": "20150525212741"}, {"Available": 11, "StationId": "1102", "Total": 44, "Datetime": "20150525213641"}, {"Available": 10, "StationId": "1102", "Total": 44, "Datetime": "20150525214241"}, {"Available": 11, "StationId": "1102", "Total": 44, "Datetime": "20150525214541"}, {"Available": 10, "StationId": "1102", "Total": 44, "Datetime": "20150525215141"}, {"Available": 6, "StationId": "1102", "Total": 44, "Datetime": "20150525215741"}, {"Available": 7, "StationId": "1102", "Total": 44, "Datetime": "20150525220041"}, {"Available": 8, "StationId": "1102", "Total": 44, "Datetime": "20150525220341"}, {"Available": 7, "StationId": "1102", "Total": 44, "Datetime": "20150525221341"}, {"Available": 6, "StationId": "1102", "Total": 44, "Datetime": "20150525221941"}, {"Available": 5, "StationId": "1102", "Total": 44, "Datetime": "20150525222241"}, {"Available": 4, "StationId": "1102", "Total": 44, "Datetime": "20150525222542"}, {"Available": 5, "StationId": "1102", "Total": 44, "Datetime": "20150525223142"}, {"Available": 6, "StationId": "1102", "Total": 44, "Datetime": "20150525223441"}, {"Available": 5, "StationId": "1102", "Total": 44, "Datetime": "20150525233741"}, {"Available": 4, "StationId": "1102", "Total": 44, "Datetime": "20150525234041"}, {"Available": 5, "StationId": "1102", "Total": 44, "Datetime": "20150525234941"}, {"Available": 3, "StationId": "1102", "Total": 44, "Datetime": "20150525235840"}], "StationId": "1102"}, {"Date": "20150526", "States": [{"Available": 3, "StationId": "1102", "Total": 44, "Datetime": "20150526000141"}, {"Available": 2, "StationId": "1102", "Total": 44, "Datetime": "20150526002641"}, {"Available": 3, "StationId": "1102", "Total": 44, "Datetime": "20150526002941"}, {"Available": 1, "StationId": "1102", "Total": 44, "Datetime": "20150526004741"}, {"Available": 0, "StationId": "1102", "Total": 44, "Datetime": "20150526005041"}, {"Available": 1, "StationId": "1102", "Total": 44, "Datetime": "20150526010144"}, {"Available": 4, "StationId": "1102", "Total": 44, "Datetime": "20150526010823"}, {"Available": 3, "StationId": "1102", "Total": 44, "Datetime": "20150526052536"}, {"Available": 2, "StationId": "1102", "Total": 44, "Datetime": "20150526062224"}, {"Available": 1, "StationId": "1102", "Total": 44, "Datetime": "20150526065224"}, {"Available": 0, "StationId": "1102", "Total": 44, "Datetime": "20150526065524"}, {"Available": 1, "StationId": "1102", "Total": 44, "Datetime": "20150526071024"}, {"Available": 2, "StationId": "1102", "Total": 44, "Datetime": "20150526072533"}, {"Available": 1, "StationId": "1102", "Total": 44, "Datetime": "20150526072823"}, {"Available": 3, "StationId": "1102", "Total": 44, "Datetime": "20150526073723"}, {"Available": 4, "StationId": "1102", "Total": 44, "Datetime": "20150526074123"}, {"Available": 17, "StationId": "1102", "Total": 44, "Datetime": "20150526074424"}, {"Available": 18, "StationId": "1102", "Total": 44, "Datetime": "20150526081423"}, {"Available": 17, "StationId": "1102", "Total": 44, "Datetime": "20150526083223"}, {"Available": 16, "StationId": "1102", "Total": 44, "Datetime": "20150526083823"}, {"Available": 17, "StationId": "1102", "Total": 44, "Datetime": "20150526084923"}, {"Available": 18, "StationId": "1102", "Total": 44, "Datetime": "20150526085323"}, {"Available": 19, "StationId": "1102", "Total": 44, "Datetime": "20150526092123"}, {"Available": 20, "StationId": "1102", "Total": 44, "Datetime": "20150526092723"}, {"Available": 21, "StationId": "1102", "Total": 44, "Datetime": "20150526093323"}, {"Available": 20, "StationId": "1102", "Total": 44, "Datetime": "20150526093623"}, {"Available": 19, "StationId": "1102", "Total": 44, "Datetime": "20150526100023"}, {"Available": 18, "StationId": "1102", "Total": 44, "Datetime": "20150526105523"}, {"Available": 19, "StationId": "1102", "Total": 44, "Datetime": "20150526123323"}, {"Available": 20, "StationId": "1102", "Total": 44, "Datetime": "20150526130123"}, {"Available": 19, "StationId": "1102", "Total": 44, "Datetime": "20150526130423"}, {"Available": 18, "StationId": "1102", "Total": 44, "Datetime": "20150526131025"}, {"Available": 19, "StationId": "1102", "Total": 44, "Datetime": "20150526131925"}, {"Available": 18, "StationId": "1102", "Total": 44, "Datetime": "20150526132226"}, {"Available": 19, "StationId": "1102", "Total": 44, "Datetime": "20150526133126"}, {"Available": 18, "StationId": "1102", "Total": 44, "Datetime": "20150526134325"}, {"Available": 17, "StationId": "1102", "Total": 44, "Datetime": "20150526134925"}, {"Available": 18, "StationId": "1102", "Total": 44, "Datetime": "20150526135525"}, {"Available": 17, "StationId": "1102", "Total": 44, "Datetime": "20150526140425"}, {"Available": 18, "StationId": "1102", "Total": 44, "Datetime": "20150526143227"}, {"Available": 17, "StationId": "1102", "Total": 44, "Datetime": "20150526144725"}, {"Available": 18, "StationId": "1102", "Total": 44, "Datetime": "20150526145625"}, {"Available": 19, "StationId": "1102", "Total": 44, "Datetime": "20150526150926"}, {"Available": 18, "StationId": "1102", "Total": 44, "Datetime": "20150526151526"}, {"Available": 16, "StationId": "1102", "Total": 44, "Datetime": "20150526153026"}, {"Available": 17, "StationId": "1102", "Total": 44, "Datetime": "20150526153625"}, {"Available": 16, "StationId": "1102", "Total": 44, "Datetime": "20150526153925"}, {"Available": 17, "StationId": "1102", "Total": 44, "Datetime": "20150526155526"}, {"Available": 14, "StationId": "1102", "Total": 44, "Datetime": "20150526160426"}, {"Available": 13, "StationId": "1102", "Total": 44, "Datetime": "20150526161326"}, {"Available": 12, "StationId": "1102", "Total": 44, "Datetime": "20150526162225"}, {"Available": 13, "StationId": "1102", "Total": 44, "Datetime": "20150526162926"}, {"Available": 10, "StationId": "1102", "Total": 44, "Datetime": "20150526163525"}, {"Available": 8, "StationId": "1102", "Total": 44, "Datetime": "20150526165426"}, {"Available": 7, "StationId": "1102", "Total": 44, "Datetime": "20150526170025"}, {"Available": 5, "StationId": "1102", "Total": 44, "Datetime": "20150526171226"}, {"Available": 6, "StationId": "1102", "Total": 44, "Datetime": "20150526171825"}, {"Available": 7, "StationId": "1102", "Total": 44, "Datetime": "20150526172825"}, {"Available": 6, "StationId": "1102", "Total": 44, "Datetime": "20150526173126"}, {"Available": 3, "StationId": "1102", "Total": 44, "Datetime": "20150526173725"}, {"Available": 4, "StationId": "1102", "Total": 44, "Datetime": "20150526174025"}, {"Available": 7, "StationId": "1102", "Total": 44, "Datetime": "20150526175225"}, {"Available": 8, "StationId": "1102", "Total": 44, "Datetime": "20150526181325"}, {"Available": 7, "StationId": "1102", "Total": 44, "Datetime": "20150526184025"}, {"Available": 5, "StationId": "1102", "Total": 44, "Datetime": "20150526185625"}, {"Available": 4, "StationId": "1102", "Total": 44, "Datetime": "20150526185925"}, {"Available": 3, "StationId": "1102", "Total": 44, "Datetime": "20150526190225"}, {"Available": 1, "StationId": "1102", "Total": 44, "Datetime": "20150526190825"}, {"Available": 0, "StationId": "1102", "Total": 44, "Datetime": "20150526191125"}, {"Available": 10, "StationId": "1102", "Total": 44, "Datetime": "20150526192025"}, {"Available": 12, "StationId": "1102", "Total": 44, "Datetime": "20150526192325"}, {"Available": 13, "StationId": "1102", "Total": 44, "Datetime": "20150526200525"}, {"Available": 12, "StationId": "1102", "Total": 44, "Datetime": "20150526201725"}, {"Available": 13, "StationId": "1102", "Total": 44, "Datetime": "20150526203325"}, {"Available": 14, "StationId": "1102", "Total": 44, "Datetime": "20150526205425"}, {"Available": 15, "StationId": "1102", "Total": 44, "Datetime": "20150526211225"}, {"Available": 16, "StationId": "1102", "Total": 44, "Datetime": "20150526214525"}, {"Available": 17, "StationId": "1102", "Total": 44, "Datetime": "20150526214825"}, {"Available": 16, "StationId": "1102", "Total": 44, "Datetime": "20150526220025"}, {"Available": 15, "StationId": "1102", "Total": 44, "Datetime": "20150526224926"}, {"Available": 14, "StationId": "1102", "Total": 44, "Datetime": "20150526225225"}, {"Available": 15, "StationId": "1102", "Total": 44, "Datetime": "20150526232825"}, {"Available": 14, "StationId": "1102", "Total": 44, "Datetime": "20150526235225"}, {"Available": 15, "StationId": "1102", "Total": 44, "Datetime": "20150526235925"}], "StationId": "1102"}, {"Date": "20150527", "States": [{"Available": 15, "StationId": "1102", "Total": 44, "Datetime": "20150527000225"}, {"Available": 17, "StationId": "1102", "Total": 44, "Datetime": "20150527002325"}, {"Available": 16, "StationId": "1102", "Total": 44, "Datetime": "20150527002625"}, {"Available": 15, "StationId": "1102", "Total": 44, "Datetime": "20150527024823"}, {"Available": 14, "StationId": "1102", "Total": 44, "Datetime": "20150527050432"}, {"Available": 13, "StationId": "1102", "Total": 44, "Datetime": "20150527055632"}, {"Available": 12, "StationId": "1102", "Total": 44, "Datetime": "20150527061132"}, {"Available": 11, "StationId": "1102", "Total": 44, "Datetime": "20150527062932"}, {"Available": 10, "StationId": "1102", "Total": 44, "Datetime": "20150527064732"}, {"Available": 11, "StationId": "1102", "Total": 44, "Datetime": "20150527065032"}, {"Available": 10, "StationId": "1102", "Total": 44, "Datetime": "20150527065332"}, {"Available": 12, "StationId": "1102", "Total": 44, "Datetime": "20150527065632"}, {"Available": 11, "StationId": "1102", "Total": 44, "Datetime": "20150527071332"}, {"Available": 10, "StationId": "1102", "Total": 44, "Datetime": "20150527071732"}, {"Available": 8, "StationId": "1102", "Total": 44, "Datetime": "20150527072132"}, {"Available": 9, "StationId": "1102", "Total": 44, "Datetime": "20150527072432"}, {"Available": 10, "StationId": "1102", "Total": 44, "Datetime": "20150527073332"}, {"Available": 11, "StationId": "1102", "Total": 44, "Datetime": "20150527074232"}, {"Available": 10, "StationId": "1102", "Total": 44, "Datetime": "20150527075132"}, {"Available": 9, "StationId": "1102", "Total": 44, "Datetime": "20150527075431"}, {"Available": 8, "StationId": "1102", "Total": 44, "Datetime": "20150527080032"}, {"Available": 7, "StationId": "1102", "Total": 44, "Datetime": "20150527081532"}, {"Available": 6, "StationId": "1102", "Total": 44, "Datetime": "20150527082031"}, {"Available": 7, "StationId": "1102", "Total": 44, "Datetime": "20150527082733"}, {"Available": 5, "StationId": "1102", "Total": 44, "Datetime": "20150527083032"}, {"Available": 3, "StationId": "1102", "Total": 44, "Datetime": "20150527083331"}, {"Available": 2, "StationId": "1102", "Total": 44, "Datetime": "20150527084932"}, {"Available": 3, "StationId": "1102", "Total": 44, "Datetime": "20150527085304"}, {"Available": 4, "StationId": "1102", "Total": 44, "Datetime": "20150527090132"}, {"Available": 3, "StationId": "1102", "Total": 44, "Datetime": "20150527093832"}, {"Available": 2, "StationId": "1102", "Total": 44, "Datetime": "20150527094132"}, {"Available": 3, "StationId": "1102", "Total": 44, "Datetime": "20150527094732"}, {"Available": 4, "StationId": "1102", "Total": 44, "Datetime": "20150527095032"}, {"Available": 5, "StationId": "1102", "Total": 44, "Datetime": "20150527100832"}, {"Available": 6, "StationId": "1102", "Total": 44, "Datetime": "20150527101732"}, {"Available": 5, "StationId": "1102", "Total": 44, "Datetime": "20150527104832"}, {"Available": 2, "StationId": "1102", "Total": 44, "Datetime": "20150527105431"}, {"Available": 1, "StationId": "1102", "Total": 44, "Datetime": "20150527112232"}, {"Available": 0, "StationId": "1102", "Total": 44, "Datetime": "20150527114631"}, {"Available": 1, "StationId": "1102", "Total": 44, "Datetime": "20150527114931"}, {"Available": 2, "StationId": "1102", "Total": 44, "Datetime": "20150527115332"}, {"Available": 1, "StationId": "1102", "Total": 44, "Datetime": "20150527115633"}, {"Available": 2, "StationId": "1102", "Total": 44, "Datetime": "20150527115932"}, {"Available": 1, "StationId": "1102", "Total": 44, "Datetime": "20150527120232"}, {"Available": 0, "StationId": "1102", "Total": 44, "Datetime": "20150527121132"}], "StationId": "1102"}]