[{"Date": "20150522", "States": [{"Available": 0, "StationId": "1131", "Total": 36, "Datetime": "20150522000132"}, {"Available": 3, "StationId": "1131", "Total": 36, "Datetime": "20150522005925"}, {"Available": 8, "StationId": "1131", "Total": 36, "Datetime": "20150522010139"}, {"Available": 25, "StationId": "1131", "Total": 36, "Datetime": "20150522010536"}, {"Available": 26, "StationId": "1131", "Total": 36, "Datetime": "20150522072325"}, {"Available": 25, "StationId": "1131", "Total": 36, "Datetime": "20150522080826"}, {"Available": 24, "StationId": "1131", "Total": 36, "Datetime": "20150522085425"}, {"Available": 25, "StationId": "1131", "Total": 36, "Datetime": "20150522090625"}, {"Available": 24, "StationId": "1131", "Total": 36, "Datetime": "20150522093726"}, {"Available": 23, "StationId": "1131", "Total": 36, "Datetime": "20150522101626"}, {"Available": 22, "StationId": "1131", "Total": 36, "Datetime": "20150522101926"}, {"Available": 23, "StationId": "1131", "Total": 36, "Datetime": "20150522102526"}, {"Available": 24, "StationId": "1131", "Total": 36, "Datetime": "20150522104726"}, {"Available": 25, "StationId": "1131", "Total": 36, "Datetime": "20150522110526"}, {"Available": 24, "StationId": "1131", "Total": 36, "Datetime": "20150522115726"}, {"Available": 23, "StationId": "1131", "Total": 36, "Datetime": "20150522145225"}, {"Available": 24, "StationId": "1131", "Total": 36, "Datetime": "20150522151025"}, {"Available": 23, "StationId": "1131", "Total": 36, "Datetime": "20150522152526"}, {"Available": 22, "StationId": "1131", "Total": 36, "Datetime": "20150522154425"}, {"Available": 21, "StationId": "1131", "Total": 36, "Datetime": "20150522161425"}, {"Available": 20, "StationId": "1131", "Total": 36, "Datetime": "20150522163925"}, {"Available": 22, "StationId": "1131", "Total": 36, "Datetime": "20150522165725"}, {"Available": 23, "StationId": "1131", "Total": 36, "Datetime": "20150522170625"}, {"Available": 22, "StationId": "1131", "Total": 36, "Datetime": "20150522172225"}, {"Available": 18, "StationId": "1131", "Total": 36, "Datetime": "20150522174325"}, {"Available": 17, "StationId": "1131", "Total": 36, "Datetime": "20150522174925"}, {"Available": 18, "StationId": "1131", "Total": 36, "Datetime": "20150522175525"}, {"Available": 16, "StationId": "1131", "Total": 36, "Datetime": "20150522175825"}, {"Available": 15, "StationId": "1131", "Total": 36, "Datetime": "20150522180125"}, {"Available": 16, "StationId": "1131", "Total": 36, "Datetime": "20150522180425"}, {"Available": 17, "StationId": "1131", "Total": 36, "Datetime": "20150522180725"}, {"Available": 16, "StationId": "1131", "Total": 36, "Datetime": "20150522181925"}, {"Available": 15, "StationId": "1131", "Total": 36, "Datetime": "20150522183825"}, {"Available": 14, "StationId": "1131", "Total": 36, "Datetime": "20150522184125"}, {"Available": 13, "StationId": "1131", "Total": 36, "Datetime": "20150522185025"}, {"Available": 11, "StationId": "1131", "Total": 36, "Datetime": "20150522185325"}, {"Available": 10, "StationId": "1131", "Total": 36, "Datetime": "20150522190825"}, {"Available": 9, "StationId": "1131", "Total": 36, "Datetime": "20150522192025"}, {"Available": 10, "StationId": "1131", "Total": 36, "Datetime": "20150522192325"}, {"Available": 11, "StationId": "1131", "Total": 36, "Datetime": "20150522193525"}, {"Available": 9, "StationId": "1131", "Total": 36, "Datetime": "20150522193825"}, {"Available": 8, "StationId": "1131", "Total": 36, "Datetime": "20150522194125"}, {"Available": 6, "StationId": "1131", "Total": 36, "Datetime": "20150522195026"}, {"Available": 5, "StationId": "1131", "Total": 36, "Datetime": "20150522195725"}, {"Available": 4, "StationId": "1131", "Total": 36, "Datetime": "20150522200025"}, {"Available": 3, "StationId": "1131", "Total": 36, "Datetime": "20150522200325"}, {"Available": 2, "StationId": "1131", "Total": 36, "Datetime": "20150522201825"}, {"Available": 3, "StationId": "1131", "Total": 36, "Datetime": "20150522203025"}, {"Available": 4, "StationId": "1131", "Total": 36, "Datetime": "20150522203325"}, {"Available": 5, "StationId": "1131", "Total": 36, "Datetime": "20150522203925"}, {"Available": 6, "StationId": "1131", "Total": 36, "Datetime": "20150522205725"}, {"Available": 5, "StationId": "1131", "Total": 36, "Datetime": "20150522210325"}, {"Available": 4, "StationId": "1131", "Total": 36, "Datetime": "20150522210725"}, {"Available": 3, "StationId": "1131", "Total": 36, "Datetime": "20150522213125"}, {"Available": 4, "StationId": "1131", "Total": 36, "Datetime": "20150522213425"}, {"Available": 3, "StationId": "1131", "Total": 36, "Datetime": "20150522214625"}, {"Available": 2, "StationId": "1131", "Total": 36, "Datetime": "20150522214925"}, {"Available": 1, "StationId": "1131", "Total": 36, "Datetime": "20150522215225"}, {"Available": 3, "StationId": "1131", "Total": 36, "Datetime": "20150522223725"}, {"Available": 5, "StationId": "1131", "Total": 36, "Datetime": "20150522224025"}, {"Available": 6, "StationId": "1131", "Total": 36, "Datetime": "20150522232025"}], "StationId": "1131"}, {"Date": "20150523", "States": [{"Available": 6, "StationId": "1131", "Total": 36, "Datetime": "20150523000225"}, {"Available": 7, "StationId": "1131", "Total": 36, "Datetime": "20150523001425"}, {"Available": 6, "StationId": "1131", "Total": 36, "Datetime": "20150523002325"}, {"Available": 5, "StationId": "1131", "Total": 36, "Datetime": "20150523003924"}, {"Available": 7, "StationId": "1131", "Total": 36, "Datetime": "20150523004424"}, {"Available": 15, "StationId": "1131", "Total": 36, "Datetime": "20150523004824"}, {"Available": 14, "StationId": "1131", "Total": 36, "Datetime": "20150523012732"}, {"Available": 13, "StationId": "1131", "Total": 36, "Datetime": "20150523055637"}, {"Available": 12, "StationId": "1131", "Total": 36, "Datetime": "20150523072637"}, {"Available": 13, "StationId": "1131", "Total": 36, "Datetime": "20150523074537"}, {"Available": 14, "StationId": "1131", "Total": 36, "Datetime": "20150523083037"}, {"Available": 13, "StationId": "1131", "Total": 36, "Datetime": "20150523084537"}, {"Available": 12, "StationId": "1131", "Total": 36, "Datetime": "20150523085136"}, {"Available": 11, "StationId": "1131", "Total": 36, "Datetime": "20150523090936"}, {"Available": 10, "StationId": "1131", "Total": 36, "Datetime": "20150523091236"}, {"Available": 9, "StationId": "1131", "Total": 36, "Datetime": "20150523092436"}, {"Available": 8, "StationId": "1131", "Total": 36, "Datetime": "20150523092736"}, {"Available": 10, "StationId": "1131", "Total": 36, "Datetime": "20150523094336"}, {"Available": 11, "StationId": "1131", "Total": 36, "Datetime": "20150523094636"}, {"Available": 9, "StationId": "1131", "Total": 36, "Datetime": "20150523100137"}, {"Available": 10, "StationId": "1131", "Total": 36, "Datetime": "20150523101637"}, {"Available": 11, "StationId": "1131", "Total": 36, "Datetime": "20150523102236"}, {"Available": 12, "StationId": "1131", "Total": 36, "Datetime": "20150523104336"}, {"Available": 13, "StationId": "1131", "Total": 36, "Datetime": "20150523115936"}, {"Available": 11, "StationId": "1131", "Total": 36, "Datetime": "20150523121137"}, {"Available": 9, "StationId": "1131", "Total": 36, "Datetime": "20150523121736"}, {"Available": 8, "StationId": "1131", "Total": 36, "Datetime": "20150523122936"}, {"Available": 10, "StationId": "1131", "Total": 36, "Datetime": "20150523124137"}, {"Available": 9, "StationId": "1131", "Total": 36, "Datetime": "20150523125336"}, {"Available": 8, "StationId": "1131", "Total": 36, "Datetime": "20150523130236"}, {"Available": 9, "StationId": "1131", "Total": 36, "Datetime": "20150523130836"}, {"Available": 10, "StationId": "1131", "Total": 36, "Datetime": "20150523133636"}, {"Available": 9, "StationId": "1131", "Total": 36, "Datetime": "20150523143036"}, {"Available": 10, "StationId": "1131", "Total": 36, "Datetime": "20150523143636"}, {"Available": 11, "StationId": "1131", "Total": 36, "Datetime": "20150523145236"}, {"Available": 10, "StationId": "1131", "Total": 36, "Datetime": "20150523145536"}, {"Available": 9, "StationId": "1131", "Total": 36, "Datetime": "20150523150136"}, {"Available": 8, "StationId": "1131", "Total": 36, "Datetime": "20150523151336"}, {"Available": 10, "StationId": "1131", "Total": 36, "Datetime": "20150523160736"}, {"Available": 11, "StationId": "1131", "Total": 36, "Datetime": "20150523162336"}, {"Available": 9, "StationId": "1131", "Total": 36, "Datetime": "20150523164136"}, {"Available": 7, "StationId": "1131", "Total": 36, "Datetime": "20150523175336"}, {"Available": 6, "StationId": "1131", "Total": 36, "Datetime": "20150523192136"}, {"Available": 5, "StationId": "1131", "Total": 36, "Datetime": "20150523192736"}, {"Available": 4, "StationId": "1131", "Total": 36, "Datetime": "20150523201936"}, {"Available": 3, "StationId": "1131", "Total": 36, "Datetime": "20150523215536"}, {"Available": 2, "StationId": "1131", "Total": 36, "Datetime": "20150523220736"}, {"Available": 16, "StationId": "1131", "Total": 36, "Datetime": "20150523225636"}], "StationId": "1131"}, {"Date": "20150524", "States": [{"Available": 16, "StationId": "1131", "Total": 36, "Datetime": "20150524000236"}, {"Available": 14, "StationId": "1131", "Total": 36, "Datetime": "20150524001135"}, {"Available": 15, "StationId": "1131", "Total": 36, "Datetime": "20150524002635"}, {"Available": 16, "StationId": "1131", "Total": 36, "Datetime": "20150524011239"}, {"Available": 17, "StationId": "1131", "Total": 36, "Datetime": "20150524074737"}, {"Available": 18, "StationId": "1131", "Total": 36, "Datetime": "20150524083937"}, {"Available": 19, "StationId": "1131", "Total": 36, "Datetime": "20150524084237"}, {"Available": 20, "StationId": "1131", "Total": 36, "Datetime": "20150524094537"}, {"Available": 19, "StationId": "1131", "Total": 36, "Datetime": "20150524100637"}, {"Available": 21, "StationId": "1131", "Total": 36, "Datetime": "20150524105537"}, {"Available": 20, "StationId": "1131", "Total": 36, "Datetime": "20150524113436"}, {"Available": 19, "StationId": "1131", "Total": 36, "Datetime": "20150524123236"}, {"Available": 20, "StationId": "1131", "Total": 36, "Datetime": "20150524123836"}, {"Available": 19, "StationId": "1131", "Total": 36, "Datetime": "20150524124436"}, {"Available": 20, "StationId": "1131", "Total": 36, "Datetime": "20150524130536"}, {"Available": 21, "StationId": "1131", "Total": 36, "Datetime": "20150524141436"}, {"Available": 20, "StationId": "1131", "Total": 36, "Datetime": "20150524142036"}, {"Available": 22, "StationId": "1131", "Total": 36, "Datetime": "20150524153636"}, {"Available": 20, "StationId": "1131", "Total": 36, "Datetime": "20150524164836"}, {"Available": 19, "StationId": "1131", "Total": 36, "Datetime": "20150524171336"}, {"Available": 20, "StationId": "1131", "Total": 36, "Datetime": "20150524171936"}, {"Available": 21, "StationId": "1131", "Total": 36, "Datetime": "20150524172836"}, {"Available": 22, "StationId": "1131", "Total": 36, "Datetime": "20150524173136"}, {"Available": 23, "StationId": "1131", "Total": 36, "Datetime": "20150524175236"}, {"Available": 25, "StationId": "1131", "Total": 36, "Datetime": "20150524183436"}, {"Available": 26, "StationId": "1131", "Total": 36, "Datetime": "20150524191736"}, {"Available": 27, "StationId": "1131", "Total": 36, "Datetime": "20150524222436"}, {"Available": 26, "StationId": "1131", "Total": 36, "Datetime": "20150524224236"}, {"Available": 23, "StationId": "1131", "Total": 36, "Datetime": "20150524235836"}], "StationId": "1131"}, {"Date": "20150525", "States": [{"Available": 20, "StationId": "1131", "Total": 36, "Datetime": "20150525000136"}, {"Available": 21, "StationId": "1131", "Total": 36, "Datetime": "20150525065817"}, {"Available": 22, "StationId": "1131", "Total": 36, "Datetime": "20150525073417"}, {"Available": 23, "StationId": "1131", "Total": 36, "Datetime": "20150525074017"}, {"Available": 24, "StationId": "1131", "Total": 36, "Datetime": "20150525074317"}, {"Available": 26, "StationId": "1131", "Total": 36, "Datetime": "20150525082517"}, {"Available": 27, "StationId": "1131", "Total": 36, "Datetime": "20150525102818"}, {"Available": 26, "StationId": "1131", "Total": 36, "Datetime": "20150525110517"}, {"Available": 25, "StationId": "1131", "Total": 36, "Datetime": "20150525115717"}, {"Available": 24, "StationId": "1131", "Total": 36, "Datetime": "20150525122418"}, {"Available": 23, "StationId": "1131", "Total": 36, "Datetime": "20150525123718"}, {"Available": 22, "StationId": "1131", "Total": 36, "Datetime": "20150525124918"}, {"Available": 21, "StationId": "1131", "Total": 36, "Datetime": "20150525130417"}, {"Available": 22, "StationId": "1131", "Total": 36, "Datetime": "20150525131017"}, {"Available": 21, "StationId": "1131", "Total": 36, "Datetime": "20150525131617"}, {"Available": 22, "StationId": "1131", "Total": 36, "Datetime": "20150525131917"}, {"Available": 21, "StationId": "1131", "Total": 36, "Datetime": "20150525134417"}, {"Available": 19, "StationId": "1131", "Total": 36, "Datetime": "20150525135018"}, {"Available": 20, "StationId": "1131", "Total": 36, "Datetime": "20150525140218"}, {"Available": 19, "StationId": "1131", "Total": 36, "Datetime": "20150525141718"}, {"Available": 20, "StationId": "1131", "Total": 36, "Datetime": "20150525142017"}, {"Available": 18, "StationId": "1131", "Total": 36, "Datetime": "20150525152517"}, {"Available": 19, "StationId": "1131", "Total": 36, "Datetime": "20150525152817"}, {"Available": 20, "StationId": "1131", "Total": 36, "Datetime": "20150525153117"}, {"Available": 19, "StationId": "1131", "Total": 36, "Datetime": "20150525154017"}, {"Available": 17, "StationId": "1131", "Total": 36, "Datetime": "20150525162017"}, {"Available": 16, "StationId": "1131", "Total": 36, "Datetime": "20150525163217"}, {"Available": 15, "StationId": "1131", "Total": 36, "Datetime": "20150525163817"}, {"Available": 16, "StationId": "1131", "Total": 36, "Datetime": "20150525165017"}, {"Available": 19, "StationId": "1131", "Total": 36, "Datetime": "20150525165717"}, {"Available": 18, "StationId": "1131", "Total": 36, "Datetime": "20150525171817"}, {"Available": 20, "StationId": "1131", "Total": 36, "Datetime": "20150525172117"}, {"Available": 17, "StationId": "1131", "Total": 36, "Datetime": "20150525172417"}, {"Available": 18, "StationId": "1131", "Total": 36, "Datetime": "20150525172717"}, {"Available": 19, "StationId": "1131", "Total": 36, "Datetime": "20150525173017"}, {"Available": 18, "StationId": "1131", "Total": 36, "Datetime": "20150525173917"}, {"Available": 17, "StationId": "1131", "Total": 36, "Datetime": "20150525174617"}, {"Available": 16, "StationId": "1131", "Total": 36, "Datetime": "20150525175517"}, {"Available": 15, "StationId": "1131", "Total": 36, "Datetime": "20150525180117"}, {"Available": 16, "StationId": "1131", "Total": 36, "Datetime": "20150525181017"}, {"Available": 15, "StationId": "1131", "Total": 36, "Datetime": "20150525181318"}, {"Available": 14, "StationId": "1131", "Total": 36, "Datetime": "20150525181618"}, {"Available": 13, "StationId": "1131", "Total": 36, "Datetime": "20150525182217"}, {"Available": 12, "StationId": "1131", "Total": 36, "Datetime": "20150525182817"}, {"Available": 11, "StationId": "1131", "Total": 36, "Datetime": "20150525183417"}, {"Available": 10, "StationId": "1131", "Total": 36, "Datetime": "20150525184317"}, {"Available": 9, "StationId": "1131", "Total": 36, "Datetime": "20150525185317"}, {"Available": 8, "StationId": "1131", "Total": 36, "Datetime": "20150525185617"}, {"Available": 7, "StationId": "1131", "Total": 36, "Datetime": "20150525185917"}, {"Available": 8, "StationId": "1131", "Total": 36, "Datetime": "20150525190217"}, {"Available": 7, "StationId": "1131", "Total": 36, "Datetime": "20150525191717"}, {"Available": 8, "StationId": "1131", "Total": 36, "Datetime": "20150525192917"}, {"Available": 6, "StationId": "1131", "Total": 36, "Datetime": "20150525193217"}, {"Available": 5, "StationId": "1131", "Total": 36, "Datetime": "20150525194117"}, {"Available": 4, "StationId": "1131", "Total": 36, "Datetime": "20150525200517"}, {"Available": 3, "StationId": "1131", "Total": 36, "Datetime": "20150525200817"}, {"Available": 2, "StationId": "1131", "Total": 36, "Datetime": "20150525201202"}, {"Available": 1, "StationId": "1131", "Total": 36, "Datetime": "20150525203017"}, {"Available": 0, "StationId": "1131", "Total": 36, "Datetime": "20150525203317"}, {"Available": 1, "StationId": "1131", "Total": 36, "Datetime": "20150525212417"}, {"Available": 2, "StationId": "1131", "Total": 36, "Datetime": "20150525213917"}, {"Available": 1, "StationId": "1131", "Total": 36, "Datetime": "20150525214517"}, {"Available": 0, "StationId": "1131", "Total": 36, "Datetime": "20150525221317"}, {"Available": 2, "StationId": "1131", "Total": 36, "Datetime": "20150525223717"}, {"Available": 0, "StationId": "1131", "Total": 36, "Datetime": "20150525224017"}, {"Available": 2, "StationId": "1131", "Total": 36, "Datetime": "20150525231317"}, {"Available": 3, "StationId": "1131", "Total": 36, "Datetime": "20150525232817"}, {"Available": 2, "StationId": "1131", "Total": 36, "Datetime": "20150525235517"}], "StationId": "1131"}, {"Date": "20150526", "States": [{"Available": 2, "StationId": "1131", "Total": 36, "Datetime": "20150526000118"}, {"Available": 3, "StationId": "1131", "Total": 36, "Datetime": "20150526002917"}, {"Available": 7, "StationId": "1131", "Total": 36, "Datetime": "20150526011448"}, {"Available": 12, "StationId": "1131", "Total": 36, "Datetime": "20150526011748"}, {"Available": 10, "StationId": "1131", "Total": 36, "Datetime": "20150526053138"}, {"Available": 9, "StationId": "1131", "Total": 36, "Datetime": "20150526060739"}, {"Available": 8, "StationId": "1131", "Total": 36, "Datetime": "20150526061939"}, {"Available": 9, "StationId": "1131", "Total": 36, "Datetime": "20150526062539"}, {"Available": 10, "StationId": "1131", "Total": 36, "Datetime": "20150526063439"}, {"Available": 9, "StationId": "1131", "Total": 36, "Datetime": "20150526065239"}, {"Available": 8, "StationId": "1131", "Total": 36, "Datetime": "20150526065838"}, {"Available": 10, "StationId": "1131", "Total": 36, "Datetime": "20150526072239"}, {"Available": 11, "StationId": "1131", "Total": 36, "Datetime": "20150526073739"}, {"Available": 12, "StationId": "1131", "Total": 36, "Datetime": "20150526075039"}, {"Available": 13, "StationId": "1131", "Total": 36, "Datetime": "20150526080838"}, {"Available": 14, "StationId": "1131", "Total": 36, "Datetime": "20150526081738"}, {"Available": 15, "StationId": "1131", "Total": 36, "Datetime": "20150526082038"}, {"Available": 16, "StationId": "1131", "Total": 36, "Datetime": "20150526082338"}, {"Available": 17, "StationId": "1131", "Total": 36, "Datetime": "20150526083238"}, {"Available": 16, "StationId": "1131", "Total": 36, "Datetime": "20150526090838"}, {"Available": 15, "StationId": "1131", "Total": 36, "Datetime": "20150526093038"}, {"Available": 16, "StationId": "1131", "Total": 36, "Datetime": "20150526103438"}, {"Available": 15, "StationId": "1131", "Total": 36, "Datetime": "20150526104938"}, {"Available": 16, "StationId": "1131", "Total": 36, "Datetime": "20150526105538"}, {"Available": 15, "StationId": "1131", "Total": 36, "Datetime": "20150526110438"}, {"Available": 16, "StationId": "1131", "Total": 36, "Datetime": "20150526112338"}, {"Available": 15, "StationId": "1131", "Total": 36, "Datetime": "20150526115638"}, {"Available": 16, "StationId": "1131", "Total": 36, "Datetime": "20150526123338"}, {"Available": 15, "StationId": "1131", "Total": 36, "Datetime": "20150526123638"}, {"Available": 16, "StationId": "1131", "Total": 36, "Datetime": "20150526124238"}, {"Available": 15, "StationId": "1131", "Total": 36, "Datetime": "20150526125738"}, {"Available": 16, "StationId": "1131", "Total": 36, "Datetime": "20150526135540"}, {"Available": 15, "StationId": "1131", "Total": 36, "Datetime": "20150526143841"}, {"Available": 16, "StationId": "1131", "Total": 36, "Datetime": "20150526144141"}, {"Available": 18, "StationId": "1131", "Total": 36, "Datetime": "20150526150040"}, {"Available": 19, "StationId": "1131", "Total": 36, "Datetime": "20150526150340"}, {"Available": 18, "StationId": "1131", "Total": 36, "Datetime": "20150526151240"}, {"Available": 19, "StationId": "1131", "Total": 36, "Datetime": "20150526153640"}, {"Available": 20, "StationId": "1131", "Total": 36, "Datetime": "20150526155240"}, {"Available": 19, "StationId": "1131", "Total": 36, "Datetime": "20150526160140"}, {"Available": 20, "StationId": "1131", "Total": 36, "Datetime": "20150526160740"}, {"Available": 19, "StationId": "1131", "Total": 36, "Datetime": "20150526161340"}, {"Available": 18, "StationId": "1131", "Total": 36, "Datetime": "20150526163840"}, {"Available": 19, "StationId": "1131", "Total": 36, "Datetime": "20150526164141"}, {"Available": 18, "StationId": "1131", "Total": 36, "Datetime": "20150526164741"}, {"Available": 19, "StationId": "1131", "Total": 36, "Datetime": "20150526165741"}, {"Available": 17, "StationId": "1131", "Total": 36, "Datetime": "20150526170340"}, {"Available": 16, "StationId": "1131", "Total": 36, "Datetime": "20150526171240"}, {"Available": 17, "StationId": "1131", "Total": 36, "Datetime": "20150526172140"}, {"Available": 19, "StationId": "1131", "Total": 36, "Datetime": "20150526172840"}, {"Available": 20, "StationId": "1131", "Total": 36, "Datetime": "20150526173440"}, {"Available": 21, "StationId": "1131", "Total": 36, "Datetime": "20150526174940"}, {"Available": 20, "StationId": "1131", "Total": 36, "Datetime": "20150526181640"}, {"Available": 19, "StationId": "1131", "Total": 36, "Datetime": "20150526181940"}, {"Available": 18, "StationId": "1131", "Total": 36, "Datetime": "20150526184041"}, {"Available": 17, "StationId": "1131", "Total": 36, "Datetime": "20150526184740"}, {"Available": 16, "StationId": "1131", "Total": 36, "Datetime": "20150526185040"}, {"Available": 13, "StationId": "1131", "Total": 36, "Datetime": "20150526190240"}, {"Available": 12, "StationId": "1131", "Total": 36, "Datetime": "20150526190541"}, {"Available": 11, "StationId": "1131", "Total": 36, "Datetime": "20150526190841"}, {"Available": 13, "StationId": "1131", "Total": 36, "Datetime": "20150526192340"}, {"Available": 12, "StationId": "1131", "Total": 36, "Datetime": "20150526193840"}, {"Available": 11, "StationId": "1131", "Total": 36, "Datetime": "20150526195040"}, {"Available": 12, "StationId": "1131", "Total": 36, "Datetime": "20150526195340"}, {"Available": 11, "StationId": "1131", "Total": 36, "Datetime": "20150526201141"}, {"Available": 10, "StationId": "1131", "Total": 36, "Datetime": "20150526201441"}, {"Available": 9, "StationId": "1131", "Total": 36, "Datetime": "20150526201741"}, {"Available": 8, "StationId": "1131", "Total": 36, "Datetime": "20150526220740"}, {"Available": 9, "StationId": "1131", "Total": 36, "Datetime": "20150526221040"}, {"Available": 8, "StationId": "1131", "Total": 36, "Datetime": "20150526221940"}, {"Available": 7, "StationId": "1131", "Total": 36, "Datetime": "20150526233440"}, {"Available": 8, "StationId": "1131", "Total": 36, "Datetime": "20150526234640"}, {"Available": 7, "StationId": "1131", "Total": 36, "Datetime": "20150526235940"}], "StationId": "1131"}, {"Date": "20150527", "States": [{"Available": 7, "StationId": "1131", "Total": 36, "Datetime": "20150527000240"}, {"Available": 17, "StationId": "1131", "Total": 36, "Datetime": "20150527002040"}, {"Available": 21, "StationId": "1131", "Total": 36, "Datetime": "20150527002340"}, {"Available": 18, "StationId": "1131", "Total": 36, "Datetime": "20150527005940"}, {"Available": 17, "StationId": "1131", "Total": 36, "Datetime": "20150527020411"}, {"Available": 19, "StationId": "1131", "Total": 36, "Datetime": "20150527020711"}, {"Available": 18, "StationId": "1131", "Total": 36, "Datetime": "20150527052635"}, {"Available": 16, "StationId": "1131", "Total": 36, "Datetime": "20150527052935"}, {"Available": 17, "StationId": "1131", "Total": 36, "Datetime": "20150527053235"}, {"Available": 16, "StationId": "1131", "Total": 36, "Datetime": "20150527061435"}, {"Available": 15, "StationId": "1131", "Total": 36, "Datetime": "20150527065935"}, {"Available": 16, "StationId": "1131", "Total": 36, "Datetime": "20150527071435"}, {"Available": 17, "StationId": "1131", "Total": 36, "Datetime": "20150527073034"}, {"Available": 19, "StationId": "1131", "Total": 36, "Datetime": "20150527074235"}, {"Available": 20, "StationId": "1131", "Total": 36, "Datetime": "20150527074835"}, {"Available": 19, "StationId": "1131", "Total": 36, "Datetime": "20150527080634"}, {"Available": 18, "StationId": "1131", "Total": 36, "Datetime": "20150527080934"}, {"Available": 19, "StationId": "1131", "Total": 36, "Datetime": "20150527081234"}, {"Available": 20, "StationId": "1131", "Total": 36, "Datetime": "20150527081834"}, {"Available": 21, "StationId": "1131", "Total": 36, "Datetime": "20150527082134"}, {"Available": 23, "StationId": "1131", "Total": 36, "Datetime": "20150527082734"}, {"Available": 25, "StationId": "1131", "Total": 36, "Datetime": "20150527083334"}, {"Available": 26, "StationId": "1131", "Total": 36, "Datetime": "20150527091334"}, {"Available": 27, "StationId": "1131", "Total": 36, "Datetime": "20150527092534"}, {"Available": 28, "StationId": "1131", "Total": 36, "Datetime": "20150527092834"}, {"Available": 29, "StationId": "1131", "Total": 36, "Datetime": "20150527093435"}, {"Available": 28, "StationId": "1131", "Total": 36, "Datetime": "20150527094135"}, {"Available": 27, "StationId": "1131", "Total": 36, "Datetime": "20150527095035"}, {"Available": 21, "StationId": "1131", "Total": 36, "Datetime": "20150527095634"}, {"Available": 20, "StationId": "1131", "Total": 36, "Datetime": "20150527103034"}, {"Available": 19, "StationId": "1131", "Total": 36, "Datetime": "20150527105734"}, {"Available": 18, "StationId": "1131", "Total": 36, "Datetime": "20150527110334"}, {"Available": 19, "StationId": "1131", "Total": 36, "Datetime": "20150527110635"}, {"Available": 18, "StationId": "1131", "Total": 36, "Datetime": "20150527111335"}, {"Available": 19, "StationId": "1131", "Total": 36, "Datetime": "20150527111935"}, {"Available": 18, "StationId": "1131", "Total": 36, "Datetime": "20150527114035"}, {"Available": 19, "StationId": "1131", "Total": 36, "Datetime": "20150527114635"}, {"Available": 17, "StationId": "1131", "Total": 36, "Datetime": "20150527115335"}, {"Available": 16, "StationId": "1131", "Total": 36, "Datetime": "20150527120835"}, {"Available": 15, "StationId": "1131", "Total": 36, "Datetime": "20150527122034"}, {"Available": 12, "StationId": "1131", "Total": 36, "Datetime": "20150527122335"}], "StationId": "1131"}]