[{"Date": "20150521", "States": [{"Available": 0, "StationId": "1129", "Total": 46, "Datetime": "20150521235824"}], "StationId": "1129"}, {"Date": "20150522", "States": [{"Available": 0, "StationId": "1129", "Total": 46, "Datetime": "20150522000125"}, {"Available": 4, "StationId": "1129", "Total": 46, "Datetime": "20150522012326"}, {"Available": 16, "StationId": "1129", "Total": 46, "Datetime": "20150522012601"}, {"Available": 25, "StationId": "1129", "Total": 46, "Datetime": "20150522012827"}, {"Available": 24, "StationId": "1129", "Total": 46, "Datetime": "20150522071739"}, {"Available": 23, "StationId": "1129", "Total": 46, "Datetime": "20150522072339"}, {"Available": 22, "StationId": "1129", "Total": 46, "Datetime": "20150522073538"}, {"Available": 23, "StationId": "1129", "Total": 46, "Datetime": "20150522083938"}, {"Available": 22, "StationId": "1129", "Total": 46, "Datetime": "20150522091538"}, {"Available": 21, "StationId": "1129", "Total": 46, "Datetime": "20150522093439"}, {"Available": 22, "StationId": "1129", "Total": 46, "Datetime": "20150522094638"}, {"Available": 21, "StationId": "1129", "Total": 46, "Datetime": "20150522095839"}, {"Available": 22, "StationId": "1129", "Total": 46, "Datetime": "20150522100439"}, {"Available": 23, "StationId": "1129", "Total": 46, "Datetime": "20150522101939"}, {"Available": 22, "StationId": "1129", "Total": 46, "Datetime": "20150522143938"}, {"Available": 23, "StationId": "1129", "Total": 46, "Datetime": "20150522151938"}, {"Available": 22, "StationId": "1129", "Total": 46, "Datetime": "20150522152539"}, {"Available": 21, "StationId": "1129", "Total": 46, "Datetime": "20150522153839"}, {"Available": 22, "StationId": "1129", "Total": 46, "Datetime": "20150522154138"}, {"Available": 21, "StationId": "1129", "Total": 46, "Datetime": "20150522154438"}, {"Available": 22, "StationId": "1129", "Total": 46, "Datetime": "20150522155638"}, {"Available": 21, "StationId": "1129", "Total": 46, "Datetime": "20150522163038"}, {"Available": 22, "StationId": "1129", "Total": 46, "Datetime": "20150522163338"}, {"Available": 21, "StationId": "1129", "Total": 46, "Datetime": "20150522163938"}, {"Available": 20, "StationId": "1129", "Total": 46, "Datetime": "20150522170038"}, {"Available": 19, "StationId": "1129", "Total": 46, "Datetime": "20150522170338"}, {"Available": 17, "StationId": "1129", "Total": 46, "Datetime": "20150522170638"}, {"Available": 13, "StationId": "1129", "Total": 46, "Datetime": "20150522172238"}, {"Available": 14, "StationId": "1129", "Total": 46, "Datetime": "20150522174338"}, {"Available": 16, "StationId": "1129", "Total": 46, "Datetime": "20150522175239"}, {"Available": 19, "StationId": "1129", "Total": 46, "Datetime": "20150522175539"}, {"Available": 21, "StationId": "1129", "Total": 46, "Datetime": "20150522180138"}, {"Available": 22, "StationId": "1129", "Total": 46, "Datetime": "20150522181638"}, {"Available": 20, "StationId": "1129", "Total": 46, "Datetime": "20150522181938"}, {"Available": 19, "StationId": "1129", "Total": 46, "Datetime": "20150522183138"}, {"Available": 21, "StationId": "1129", "Total": 46, "Datetime": "20150522183538"}, {"Available": 20, "StationId": "1129", "Total": 46, "Datetime": "20150522183838"}, {"Available": 18, "StationId": "1129", "Total": 46, "Datetime": "20150522185338"}, {"Available": 20, "StationId": "1129", "Total": 46, "Datetime": "20150522185945"}, {"Available": 22, "StationId": "1129", "Total": 46, "Datetime": "20150522190238"}, {"Available": 19, "StationId": "1129", "Total": 46, "Datetime": "20150522190538"}, {"Available": 18, "StationId": "1129", "Total": 46, "Datetime": "20150522190838"}, {"Available": 19, "StationId": "1129", "Total": 46, "Datetime": "20150522191138"}, {"Available": 21, "StationId": "1129", "Total": 46, "Datetime": "20150522191438"}, {"Available": 22, "StationId": "1129", "Total": 46, "Datetime": "20150522192038"}, {"Available": 21, "StationId": "1129", "Total": 46, "Datetime": "20150522194738"}, {"Available": 20, "StationId": "1129", "Total": 46, "Datetime": "20150522200338"}, {"Available": 21, "StationId": "1129", "Total": 46, "Datetime": "20150522200938"}, {"Available": 22, "StationId": "1129", "Total": 46, "Datetime": "20150522201538"}, {"Available": 21, "StationId": "1129", "Total": 46, "Datetime": "20150522202738"}, {"Available": 23, "StationId": "1129", "Total": 46, "Datetime": "20150522203038"}, {"Available": 22, "StationId": "1129", "Total": 46, "Datetime": "20150522203938"}, {"Available": 23, "StationId": "1129", "Total": 46, "Datetime": "20150522205138"}, {"Available": 27, "StationId": "1129", "Total": 46, "Datetime": "20150522211938"}, {"Available": 26, "StationId": "1129", "Total": 46, "Datetime": "20150522223138"}, {"Available": 25, "StationId": "1129", "Total": 46, "Datetime": "20150522224437"}, {"Available": 24, "StationId": "1129", "Total": 46, "Datetime": "20150522225038"}, {"Available": 25, "StationId": "1129", "Total": 46, "Datetime": "20150522231438"}, {"Available": 24, "StationId": "1129", "Total": 46, "Datetime": "20150522232038"}, {"Available": 25, "StationId": "1129", "Total": 46, "Datetime": "20150522234438"}, {"Available": 26, "StationId": "1129", "Total": 46, "Datetime": "20150522234738"}], "StationId": "1129"}, {"Date": "20150523", "States": [{"Available": 26, "StationId": "1129", "Total": 46, "Datetime": "20150523000238"}, {"Available": 27, "StationId": "1129", "Total": 46, "Datetime": "20150523012123"}, {"Available": 26, "StationId": "1129", "Total": 46, "Datetime": "20150523051718"}, {"Available": 27, "StationId": "1129", "Total": 46, "Datetime": "20150523053818"}, {"Available": 26, "StationId": "1129", "Total": 46, "Datetime": "20150523065318"}, {"Available": 25, "StationId": "1129", "Total": 46, "Datetime": "20150523071718"}, {"Available": 24, "StationId": "1129", "Total": 46, "Datetime": "20150523072317"}, {"Available": 25, "StationId": "1129", "Total": 46, "Datetime": "20150523072918"}, {"Available": 26, "StationId": "1129", "Total": 46, "Datetime": "20150523074817"}, {"Available": 25, "StationId": "1129", "Total": 46, "Datetime": "20150523080318"}, {"Available": 24, "StationId": "1129", "Total": 46, "Datetime": "20150523083618"}, {"Available": 25, "StationId": "1129", "Total": 46, "Datetime": "20150523085118"}, {"Available": 23, "StationId": "1129", "Total": 46, "Datetime": "20150523085418"}, {"Available": 24, "StationId": "1129", "Total": 46, "Datetime": "20150523090317"}, {"Available": 22, "StationId": "1129", "Total": 46, "Datetime": "20150523090617"}, {"Available": 23, "StationId": "1129", "Total": 46, "Datetime": "20150523091517"}, {"Available": 22, "StationId": "1129", "Total": 46, "Datetime": "20150523092118"}, {"Available": 21, "StationId": "1129", "Total": 46, "Datetime": "20150523093718"}, {"Available": 22, "StationId": "1129", "Total": 46, "Datetime": "20150523094018"}, {"Available": 25, "StationId": "1129", "Total": 46, "Datetime": "20150523095217"}, {"Available": 27, "StationId": "1129", "Total": 46, "Datetime": "20150523102217"}, {"Available": 26, "StationId": "1129", "Total": 46, "Datetime": "20150523104617"}, {"Available": 27, "StationId": "1129", "Total": 46, "Datetime": "20150523104917"}, {"Available": 26, "StationId": "1129", "Total": 46, "Datetime": "20150523105217"}, {"Available": 25, "StationId": "1129", "Total": 46, "Datetime": "20150523110717"}, {"Available": 26, "StationId": "1129", "Total": 46, "Datetime": "20150523111017"}, {"Available": 25, "StationId": "1129", "Total": 46, "Datetime": "20150523111618"}, {"Available": 26, "StationId": "1129", "Total": 46, "Datetime": "20150523113218"}, {"Available": 27, "StationId": "1129", "Total": 46, "Datetime": "20150523113818"}, {"Available": 26, "StationId": "1129", "Total": 46, "Datetime": "20150523115318"}, {"Available": 25, "StationId": "1129", "Total": 46, "Datetime": "20150523121417"}, {"Available": 26, "StationId": "1129", "Total": 46, "Datetime": "20150523121717"}, {"Available": 25, "StationId": "1129", "Total": 46, "Datetime": "20150523124117"}, {"Available": 24, "StationId": "1129", "Total": 46, "Datetime": "20150523124417"}, {"Available": 23, "StationId": "1129", "Total": 46, "Datetime": "20150523130517"}, {"Available": 24, "StationId": "1129", "Total": 46, "Datetime": "20150523130817"}, {"Available": 26, "StationId": "1129", "Total": 46, "Datetime": "20150523131217"}, {"Available": 25, "StationId": "1129", "Total": 46, "Datetime": "20150523142417"}, {"Available": 26, "StationId": "1129", "Total": 46, "Datetime": "20150523142918"}, {"Available": 27, "StationId": "1129", "Total": 46, "Datetime": "20150523145817"}, {"Available": 25, "StationId": "1129", "Total": 46, "Datetime": "20150523150417"}, {"Available": 24, "StationId": "1129", "Total": 46, "Datetime": "20150523161317"}, {"Available": 25, "StationId": "1129", "Total": 46, "Datetime": "20150523162917"}, {"Available": 27, "StationId": "1129", "Total": 46, "Datetime": "20150523163517"}, {"Available": 25, "StationId": "1129", "Total": 46, "Datetime": "20150523163818"}, {"Available": 24, "StationId": "1129", "Total": 46, "Datetime": "20150523164718"}, {"Available": 25, "StationId": "1129", "Total": 46, "Datetime": "20150523180617"}, {"Available": 27, "StationId": "1129", "Total": 46, "Datetime": "20150523182417"}, {"Available": 26, "StationId": "1129", "Total": 46, "Datetime": "20150523193917"}, {"Available": 27, "StationId": "1129", "Total": 46, "Datetime": "20150523195117"}, {"Available": 28, "StationId": "1129", "Total": 46, "Datetime": "20150523213117"}], "StationId": "1129"}, {"Date": "20150524", "States": [{"Available": 28, "StationId": "1129", "Total": 46, "Datetime": "20150524000217"}, {"Available": 29, "StationId": "1129", "Total": 46, "Datetime": "20150524010629"}, {"Available": 28, "StationId": "1129", "Total": 46, "Datetime": "20150524085128"}, {"Available": 29, "StationId": "1129", "Total": 46, "Datetime": "20150524091228"}, {"Available": 28, "StationId": "1129", "Total": 46, "Datetime": "20150524092428"}, {"Available": 26, "StationId": "1129", "Total": 46, "Datetime": "20150524094829"}, {"Available": 24, "StationId": "1129", "Total": 46, "Datetime": "20150524104029"}, {"Available": 23, "StationId": "1129", "Total": 46, "Datetime": "20150524104329"}, {"Available": 24, "StationId": "1129", "Total": 46, "Datetime": "20150524104629"}, {"Available": 23, "StationId": "1129", "Total": 46, "Datetime": "20150524112229"}, {"Available": 24, "StationId": "1129", "Total": 46, "Datetime": "20150524123529"}, {"Available": 26, "StationId": "1129", "Total": 46, "Datetime": "20150524124129"}, {"Available": 24, "StationId": "1129", "Total": 46, "Datetime": "20150524125629"}, {"Available": 23, "StationId": "1129", "Total": 46, "Datetime": "20150524132328"}, {"Available": 21, "StationId": "1129", "Total": 46, "Datetime": "20150524170128"}, {"Available": 22, "StationId": "1129", "Total": 46, "Datetime": "20150524170428"}, {"Available": 24, "StationId": "1129", "Total": 46, "Datetime": "20150524172828"}, {"Available": 21, "StationId": "1129", "Total": 46, "Datetime": "20150524173728"}, {"Available": 23, "StationId": "1129", "Total": 46, "Datetime": "20150524174928"}, {"Available": 25, "StationId": "1129", "Total": 46, "Datetime": "20150524190428"}, {"Available": 26, "StationId": "1129", "Total": 46, "Datetime": "20150524195028"}], "StationId": "1129"}, {"Date": "20150525", "States": [{"Available": 26, "StationId": "1129", "Total": 46, "Datetime": "20150525000127"}, {"Available": 25, "StationId": "1129", "Total": 46, "Datetime": "20150525101622"}, {"Available": 24, "StationId": "1129", "Total": 46, "Datetime": "20150525120020"}, {"Available": 25, "StationId": "1129", "Total": 46, "Datetime": "20150525122420"}, {"Available": 26, "StationId": "1129", "Total": 46, "Datetime": "20150525123720"}, {"Available": 25, "StationId": "1129", "Total": 46, "Datetime": "20150525134421"}, {"Available": 26, "StationId": "1129", "Total": 46, "Datetime": "20150525140821"}, {"Available": 25, "StationId": "1129", "Total": 46, "Datetime": "20150525143020"}, {"Available": 26, "StationId": "1129", "Total": 46, "Datetime": "20150525145720"}, {"Available": 25, "StationId": "1129", "Total": 46, "Datetime": "20150525152220"}, {"Available": 26, "StationId": "1129", "Total": 46, "Datetime": "20150525154020"}, {"Available": 27, "StationId": "1129", "Total": 46, "Datetime": "20150525154920"}, {"Available": 26, "StationId": "1129", "Total": 46, "Datetime": "20150525161121"}, {"Available": 25, "StationId": "1129", "Total": 46, "Datetime": "20150525162321"}, {"Available": 26, "StationId": "1129", "Total": 46, "Datetime": "20150525163521"}, {"Available": 23, "StationId": "1129", "Total": 46, "Datetime": "20150525163821"}, {"Available": 24, "StationId": "1129", "Total": 46, "Datetime": "20150525164121"}, {"Available": 27, "StationId": "1129", "Total": 46, "Datetime": "20150525170921"}, {"Available": 26, "StationId": "1129", "Total": 46, "Datetime": "20150525173320"}, {"Available": 25, "StationId": "1129", "Total": 46, "Datetime": "20150525174920"}, {"Available": 24, "StationId": "1129", "Total": 46, "Datetime": "20150525180420"}, {"Available": 22, "StationId": "1129", "Total": 46, "Datetime": "20150525180720"}, {"Available": 24, "StationId": "1129", "Total": 46, "Datetime": "20150525181920"}, {"Available": 25, "StationId": "1129", "Total": 46, "Datetime": "20150525183720"}, {"Available": 24, "StationId": "1129", "Total": 46, "Datetime": "20150525190220"}, {"Available": 23, "StationId": "1129", "Total": 46, "Datetime": "20150525191120"}, {"Available": 22, "StationId": "1129", "Total": 46, "Datetime": "20150525191720"}, {"Available": 21, "StationId": "1129", "Total": 46, "Datetime": "20150525192020"}, {"Available": 20, "StationId": "1129", "Total": 46, "Datetime": "20150525192320"}, {"Available": 23, "StationId": "1129", "Total": 46, "Datetime": "20150525194420"}, {"Available": 22, "StationId": "1129", "Total": 46, "Datetime": "20150525195020"}, {"Available": 21, "StationId": "1129", "Total": 46, "Datetime": "20150525202719"}, {"Available": 19, "StationId": "1129", "Total": 46, "Datetime": "20150525203320"}, {"Available": 17, "StationId": "1129", "Total": 46, "Datetime": "20150525203620"}, {"Available": 19, "StationId": "1129", "Total": 46, "Datetime": "20150525204220"}, {"Available": 17, "StationId": "1129", "Total": 46, "Datetime": "20150525205420"}, {"Available": 18, "StationId": "1129", "Total": 46, "Datetime": "20150525205720"}, {"Available": 19, "StationId": "1129", "Total": 46, "Datetime": "20150525210320"}, {"Available": 20, "StationId": "1129", "Total": 46, "Datetime": "20150525211520"}, {"Available": 21, "StationId": "1129", "Total": 46, "Datetime": "20150525212120"}, {"Available": 19, "StationId": "1129", "Total": 46, "Datetime": "20150525212720"}, {"Available": 18, "StationId": "1129", "Total": 46, "Datetime": "20150525213320"}, {"Available": 17, "StationId": "1129", "Total": 46, "Datetime": "20150525213620"}, {"Available": 18, "StationId": "1129", "Total": 46, "Datetime": "20150525214520"}, {"Available": 19, "StationId": "1129", "Total": 46, "Datetime": "20150525215120"}, {"Available": 18, "StationId": "1129", "Total": 46, "Datetime": "20150525215720"}, {"Available": 20, "StationId": "1129", "Total": 46, "Datetime": "20150525220020"}, {"Available": 21, "StationId": "1129", "Total": 46, "Datetime": "20150525220620"}, {"Available": 19, "StationId": "1129", "Total": 46, "Datetime": "20150525221323"}, {"Available": 20, "StationId": "1129", "Total": 46, "Datetime": "20150525221920"}, {"Available": 21, "StationId": "1129", "Total": 46, "Datetime": "20150525222520"}, {"Available": 22, "StationId": "1129", "Total": 46, "Datetime": "20150525223420"}, {"Available": 24, "StationId": "1129", "Total": 46, "Datetime": "20150525223720"}], "StationId": "1129"}, {"Date": "20150526", "States": [{"Available": 24, "StationId": "1129", "Total": 46, "Datetime": "20150526000120"}, {"Available": 25, "StationId": "1129", "Total": 46, "Datetime": "20150526005320"}, {"Available": 26, "StationId": "1129", "Total": 46, "Datetime": "20150526012914"}, {"Available": 25, "StationId": "1129", "Total": 46, "Datetime": "20150526052228"}, {"Available": 26, "StationId": "1129", "Total": 46, "Datetime": "20150526054928"}, {"Available": 25, "StationId": "1129", "Total": 46, "Datetime": "20150526060428"}, {"Available": 26, "StationId": "1129", "Total": 46, "Datetime": "20150526061928"}, {"Available": 25, "StationId": "1129", "Total": 46, "Datetime": "20150526070428"}, {"Available": 26, "StationId": "1129", "Total": 46, "Datetime": "20150526071928"}, {"Available": 27, "StationId": "1129", "Total": 46, "Datetime": "20150526083828"}, {"Available": 26, "StationId": "1129", "Total": 46, "Datetime": "20150526091228"}, {"Available": 27, "StationId": "1129", "Total": 46, "Datetime": "20150526101928"}, {"Available": 26, "StationId": "1129", "Total": 46, "Datetime": "20150526125727"}, {"Available": 25, "StationId": "1129", "Total": 46, "Datetime": "20150526134943"}, {"Available": 24, "StationId": "1129", "Total": 46, "Datetime": "20150526140429"}, {"Available": 25, "StationId": "1129", "Total": 46, "Datetime": "20150526140829"}, {"Available": 24, "StationId": "1129", "Total": 46, "Datetime": "20150526144129"}, {"Available": 23, "StationId": "1129", "Total": 46, "Datetime": "20150526144430"}, {"Available": 22, "StationId": "1129", "Total": 46, "Datetime": "20150526145630"}, {"Available": 21, "StationId": "1129", "Total": 46, "Datetime": "20150526150930"}, {"Available": 22, "StationId": "1129", "Total": 46, "Datetime": "20150526154529"}, {"Available": 23, "StationId": "1129", "Total": 46, "Datetime": "20150526154830"}, {"Available": 22, "StationId": "1129", "Total": 46, "Datetime": "20150526155230"}, {"Available": 21, "StationId": "1129", "Total": 46, "Datetime": "20150526161329"}, {"Available": 22, "StationId": "1129", "Total": 46, "Datetime": "20150526162929"}, {"Available": 23, "StationId": "1129", "Total": 46, "Datetime": "20150526172429"}, {"Available": 25, "StationId": "1129", "Total": 46, "Datetime": "20150526172829"}, {"Available": 26, "StationId": "1129", "Total": 46, "Datetime": "20150526174629"}, {"Available": 25, "StationId": "1129", "Total": 46, "Datetime": "20150526190829"}, {"Available": 24, "StationId": "1129", "Total": 46, "Datetime": "20150526191729"}, {"Available": 25, "StationId": "1129", "Total": 46, "Datetime": "20150526192329"}, {"Available": 24, "StationId": "1129", "Total": 46, "Datetime": "20150526192629"}, {"Available": 23, "StationId": "1129", "Total": 46, "Datetime": "20150526193830"}, {"Available": 22, "StationId": "1129", "Total": 46, "Datetime": "20150526194129"}, {"Available": 21, "StationId": "1129", "Total": 46, "Datetime": "20150526195329"}, {"Available": 20, "StationId": "1129", "Total": 46, "Datetime": "20150526195629"}, {"Available": 21, "StationId": "1129", "Total": 46, "Datetime": "20150526200230"}, {"Available": 22, "StationId": "1129", "Total": 46, "Datetime": "20150526214529"}, {"Available": 23, "StationId": "1129", "Total": 46, "Datetime": "20150526215129"}, {"Available": 25, "StationId": "1129", "Total": 46, "Datetime": "20150526220330"}, {"Available": 27, "StationId": "1129", "Total": 46, "Datetime": "20150526221629"}, {"Available": 28, "StationId": "1129", "Total": 46, "Datetime": "20150526222829"}], "StationId": "1129"}, {"Date": "20150527", "States": [{"Available": 28, "StationId": "1129", "Total": 46, "Datetime": "20150527000229"}, {"Available": 26, "StationId": "1129", "Total": 46, "Datetime": "20150527010150"}, {"Available": 23, "StationId": "1129", "Total": 46, "Datetime": "20150527010522"}, {"Available": 24, "StationId": "1129", "Total": 46, "Datetime": "20150527011122"}, {"Available": 25, "StationId": "1129", "Total": 46, "Datetime": "20150527013225"}, {"Available": 24, "StationId": "1129", "Total": 46, "Datetime": "20150527053221"}, {"Available": 23, "StationId": "1129", "Total": 46, "Datetime": "20150527062021"}, {"Available": 24, "StationId": "1129", "Total": 46, "Datetime": "20150527062621"}, {"Available": 23, "StationId": "1129", "Total": 46, "Datetime": "20150527092221"}, {"Available": 22, "StationId": "1129", "Total": 46, "Datetime": "20150527095921"}, {"Available": 23, "StationId": "1129", "Total": 46, "Datetime": "20150527104520"}, {"Available": 21, "StationId": "1129", "Total": 46, "Datetime": "20150527104820"}], "StationId": "1129"}]